USE controlconcursos;
SET NAMES 'utf8' COLLATE 'utf8_spanish_ci';

INSERT INTO entidad VALUES(1,'Aguascalientes');
INSERT INTO entidad VALUES(2,'Baja California');
INSERT INTO entidad VALUES(3,'Baja California Sur');
INSERT INTO entidad VALUES(4,'Campeche');
INSERT INTO entidad VALUES(5,'Coahuila');
INSERT INTO entidad VALUES(6,'Colima');
INSERT INTO entidad VALUES(7,'Chiapas');
INSERT INTO entidad VALUES(8,'Chihuahua');
INSERT INTO entidad VALUES(9,'Ciudad de México'); 
INSERT INTO entidad VALUES(10,'Durango');
INSERT INTO entidad VALUES(11,'Guanajuato');
INSERT INTO entidad VALUES(12,'Guerrero');
INSERT INTO entidad VALUES(13,'Hidalgo');
INSERT INTO entidad VALUES(14,'Jalisco');
INSERT INTO entidad VALUES(15,'México');
INSERT INTO entidad VALUES(16,'Michoacán');
INSERT INTO entidad VALUES(17,'Morelos');
INSERT INTO entidad VALUES(18,'Nayarit');
INSERT INTO entidad VALUES(19,'Nuevo León');
INSERT INTO entidad VALUES(20,'Oaxaca');
INSERT INTO entidad VALUES(21,'Puebla');
INSERT INTO entidad VALUES(22,'Querétaro');
INSERT INTO entidad VALUES(23,'Quintana Roo');
INSERT INTO entidad VALUES(24,'San Luis Potosí');
INSERT INTO entidad VALUES(25,'Sinaloa');
INSERT INTO entidad VALUES(26,'Sonora');
INSERT INTO entidad VALUES(27,'Tabasco');
INSERT INTO entidad VALUES(28,'Tamaulipas');
INSERT INTO entidad VALUES(29,'Tlaxcala');
INSERT INTO entidad VALUES(30,'Veracruz');
INSERT INTO entidad VALUES(31,'Yucatán');
INSERT INTO entidad VALUES(32,'Zacatecas');

INSERT INTO municipio VALUES(1001,'Aguascalientes');
INSERT INTO municipio VALUES(1002,'Asientos');
INSERT INTO municipio VALUES(1003,'Calvillo');
INSERT INTO municipio VALUES(1004,'Cosío');
INSERT INTO municipio VALUES(1005,'Jesús María');
INSERT INTO municipio VALUES(1006,'Pabellón de Arteaga');
INSERT INTO municipio VALUES(1007,'Rincón de Romos');
INSERT INTO municipio VALUES(1008,'San José de Gracia');
INSERT INTO municipio VALUES(1009,'Tepezalá');
INSERT INTO municipio VALUES(1010,'El Llano');
INSERT INTO municipio VALUES(1011,'San Francisco de los Romo');
INSERT INTO municipio VALUES(2001,'Ensenada');
INSERT INTO municipio VALUES(2002,'Mexicali');
INSERT INTO municipio VALUES(2003,'Tecate');
INSERT INTO municipio VALUES(2004,'Tijuana');
INSERT INTO municipio VALUES(2005,'Playas de Rosarito');
INSERT INTO municipio VALUES(3001,'Comondú');
INSERT INTO municipio VALUES(3002,'Mulegé');
INSERT INTO municipio VALUES(3003,'La Paz');
INSERT INTO municipio VALUES(3008,'Los Cabos');
INSERT INTO municipio VALUES(3009,'Loreto');
INSERT INTO municipio VALUES(4001,'Calkiní');
INSERT INTO municipio VALUES(4002,'Campeche');
INSERT INTO municipio VALUES(4003,'Carmen');
INSERT INTO municipio VALUES(4004,'Champotón');
INSERT INTO municipio VALUES(4005,'Hecelchakán');
INSERT INTO municipio VALUES(4006,'Hopelchén');
INSERT INTO municipio VALUES(4007,'Palizada');
INSERT INTO municipio VALUES(4008,'Tenabo');
INSERT INTO municipio VALUES(4009,'Escárcega');
INSERT INTO municipio VALUES(4010,'Calakmul');
INSERT INTO municipio VALUES(4011,'Candelaria');
INSERT INTO municipio VALUES(5001,'Abasolo');
INSERT INTO municipio VALUES(5002,'Acuña');
INSERT INTO municipio VALUES(5003,'Allende');
INSERT INTO municipio VALUES(5004,'Arteaga');
INSERT INTO municipio VALUES(5005,'Candela');
INSERT INTO municipio VALUES(5006,'Castaños');
INSERT INTO municipio VALUES(5007,'Cuatro Ciénegas');
INSERT INTO municipio VALUES(5008,'Escobedo');
INSERT INTO municipio VALUES(5009,'Francisco I. Madero');
INSERT INTO municipio VALUES(5010,'Frontera');
INSERT INTO municipio VALUES(5011,'General Cepeda');
INSERT INTO municipio VALUES(5012,'Guerrero');
INSERT INTO municipio VALUES(5013,'Hidalgo');
INSERT INTO municipio VALUES(5014,'Jiménez');
INSERT INTO municipio VALUES(5015,'Juárez');
INSERT INTO municipio VALUES(5016,'Lamadrid');
INSERT INTO municipio VALUES(5017,'Matamoros');
INSERT INTO municipio VALUES(5018,'Monclova');
INSERT INTO municipio VALUES(5019,'Morelos');
INSERT INTO municipio VALUES(5020,'Múzquiz');
INSERT INTO municipio VALUES(5021,'Nadadores');
INSERT INTO municipio VALUES(5022,'Nava');
INSERT INTO municipio VALUES(5023,'Ocampo');
INSERT INTO municipio VALUES(5024,'Parras');
INSERT INTO municipio VALUES(5025,'Piedras Negras');
INSERT INTO municipio VALUES(5026,'Progreso');
INSERT INTO municipio VALUES(5027,'Ramos Arizpe');
INSERT INTO municipio VALUES(5028,'Sabinas');
INSERT INTO municipio VALUES(5029,'Sacramento');
INSERT INTO municipio VALUES(5030,'Saltillo');
INSERT INTO municipio VALUES(5031,'San Buenaventura');
INSERT INTO municipio VALUES(5032,'San Juan de Sabinas');
INSERT INTO municipio VALUES(5033,'San Pedro');
INSERT INTO municipio VALUES(5034,'Sierra Mojada');
INSERT INTO municipio VALUES(5035,'Torreón');
INSERT INTO municipio VALUES(5036,'Viesca');
INSERT INTO municipio VALUES(5037,'Villa Unión');
INSERT INTO municipio VALUES(5038,'Zaragoza');
INSERT INTO municipio VALUES(32001,'Apozol');
INSERT INTO municipio VALUES(32002,'Apulco');
INSERT INTO municipio VALUES(32003,'Atolinga');
INSERT INTO municipio VALUES(32004,'Benito Juárez');
INSERT INTO municipio VALUES(32005,'Calera');
INSERT INTO municipio VALUES(32006,'Cañitas de Felipe Pescador');
INSERT INTO municipio VALUES(32007,'Concepción del Oro');
INSERT INTO municipio VALUES(32008,'Cuauhtémoc');
INSERT INTO municipio VALUES(32009,'Chalchihuites');
INSERT INTO municipio VALUES(32010,'Fresnillo');
INSERT INTO municipio VALUES(32011,'Trinidad García de la Cadena');
INSERT INTO municipio VALUES(32012,'Genaro Codina');
INSERT INTO municipio VALUES(32013,'General Enrique Estrada');
INSERT INTO municipio VALUES(32014,'General Francisco R. Murguía');
INSERT INTO municipio VALUES(32015,'El Plateado de Joaquín Amaro');
INSERT INTO municipio VALUES(32016,'General Pánfilo Natera');
INSERT INTO municipio VALUES(32017,'Guadalupe');
INSERT INTO municipio VALUES(32018,'Huanusco');
INSERT INTO municipio VALUES(32019,'Jalpa');
INSERT INTO municipio VALUES(32020,'Jerez');
INSERT INTO municipio VALUES(32021,'Jiménez del Teul');
INSERT INTO municipio VALUES(32022,'Juan Aldama');
INSERT INTO municipio VALUES(32023,'Juchipila');
INSERT INTO municipio VALUES(32024,'Loreto');
INSERT INTO municipio VALUES(32025,'Luis Moya');
INSERT INTO municipio VALUES(32026,'Mazapil');
INSERT INTO municipio VALUES(32027,'Melchor Ocampo');
INSERT INTO municipio VALUES(32028,'Mezquital del Oro');
INSERT INTO municipio VALUES(32029,'Miguel Auza');
INSERT INTO municipio VALUES(32030,'Momax');
INSERT INTO municipio VALUES(32031,'Monte Escobedo');
INSERT INTO municipio VALUES(32032,'Morelos');
INSERT INTO municipio VALUES(32033,'Moyahua de Estrada');
INSERT INTO municipio VALUES(32034,'Nochistlán de Mejía');
INSERT INTO municipio VALUES(32035,'Noria de Ángeles');
INSERT INTO municipio VALUES(32036,'Ojocaliente');
INSERT INTO municipio VALUES(32037,'Pánuco');
INSERT INTO municipio VALUES(32038,'Pinos');
INSERT INTO municipio VALUES(32039,'Río Grande');
INSERT INTO municipio VALUES(32040,'Sain Alto');
INSERT INTO municipio VALUES(32041,'El Salvador');
INSERT INTO municipio VALUES(32042,'Sombrerete');
INSERT INTO municipio VALUES(32043,'Susticacán');
INSERT INTO municipio VALUES(32044,'Tabasco');
INSERT INTO municipio VALUES(32045,'Tepechitlán');
INSERT INTO municipio VALUES(32046,'Tepetongo');
INSERT INTO municipio VALUES(32047,'Teúl de González Ortega');
INSERT INTO municipio VALUES(32048,'Tlaltenango de Sánchez Román');
INSERT INTO municipio VALUES(32049,'Valparaíso');
INSERT INTO municipio VALUES(32050,'Vetagrande');
INSERT INTO municipio VALUES(32051,'Villa de Cos');
INSERT INTO municipio VALUES(32052,'Villa García');
INSERT INTO municipio VALUES(32053,'Villa González Ortega');
INSERT INTO municipio VALUES(32054,'Villa Hidalgo');
INSERT INTO municipio VALUES(32055,'Villanueva');
INSERT INTO municipio VALUES(32056,'Zacatecas');
INSERT INTO municipio VALUES(32057,'Trancoso');
INSERT INTO municipio VALUES(32058,'Santa María de la Paz');

INSERT INTO institucion VALUES (1,"Universidad Autónoma de Zacatecas","UAZ","http://www.uaz.edu.mx","Carr. a Guadalajara S/N","La Escondida",32056,32,"98061","4929256690"),
(2,"Unidad Profesional Interdisciplinaria de Ingeniería Campus Zacatecas","UPIIZ","http://www.zacatecas.ipn.mx","Circuito del Gato 202","Ciudad Administrativa",32056,32,"98160","4929242419"),
(3,"Instituto Tecnológico Superior Zacatecas Occidente","ITSZO","https://itszo.mx","Av. Tecnologico 2000","Loma La Perla",32042,32,"99102","4339352201"),
(4,"Instituto Tecnológico de Aguascalientes","ITA","http://www.ita.mx","Av. Adolfo López Mateos 1801 Ote","Fracc. Bona Gens",1001,1,"20256","4499105002");
DELETE FROM persona;
INSERT INTO `persona` VALUES ('charly@uaz.edu.mx','Carlos Daniel','Ruvalcaba Serrano','M','Las Lomas 25','Pulgas Verdes',32017,32,'98600','4921234567','1998-02-05',1,'Estudiante'),('dianamtz@yahoo.com.mx','Diana Isabel','Martinez Juarez','F','San Fernando 211','Centro',32035,32,'95450','5113141414','1999-02-28',3,'Estudiante'),('hjesus@hotmail.com','Hector Jesus','Sotelo Carrillo','M','Av Hidalgo 201','Centro',32056,32,'98000','4927654321','1996-06-14',1,'Estudiante'),('jorge12@gmail.com','Jorge Mario','Soto Chavez','M','Elias Amador 24','Centro',32040,32,'95600','4420241424','1999-10-12',3,'Estudiante'),('joyce@hotmail.com','Joyce Selene','Lozano Aguilar','F','Av Las quintas 902','Las Quintas',32017,32,'98600','4929093223','1993-04-02',1,'Estudiante'),('lalo@uaz.edu.mx','Eduardo','Rosales Lopez','M','Calle Libertad 902','Centro',32055,32,'98900','4952231414','1998-07-21',1,'Estudiante'),('lauratapia@outlook.com','Laura','Tapia Chavez','F','Minas 289','Centro',10016,10,'87670','4560535151','1999-03-12',3,'Estudiante'),('ontiveros@itszo.edu.mx','Juan Carlos','Ontiveros Garcia','M','Av. Tecnologico 290','Lomas Verdes',32042,32,'96780','4332231234','1975-05-15',3,'Profesor'),('rsolis@uaz.edu.mx','Roberto','Solis Robles','M','Av. Ramon Lopez Velarde 801','Centro',32056,32,'98000','4929256690','1971-07-21',1,'Profesor');
DELETE FROM datos_estudiante;
INSERT INTO `datos_estudiante` VALUES ('charly@uaz.edu.mx','Ingenieria de Software','2016-08-15','2021-07-02'),('dianamtz@yahoo.com.mx','Licenciado en Informatica','2018-08-15','2023-06-30'),('hjesus@hotmail.com','Licenciado en Matematicas','2015-08-15','2020-06-30'),('jorge12@gmail.com','Ing. en Sistemas Computacionales','2017-08-14','2022-06-30'),('joyce@hotmail.com','Ingenieria de Software','2016-08-15','2021-06-30'),('lalo@uaz.edu.mx','Licenciado en Matematicas','2018-08-11','2023-06-30'),('lauratapia@outlook.com','Ing. en Sistemas Computacionales','2017-08-14','2022-06-30');
DELETE FROM sede;
INSERT INTO `sede` VALUES (1,'UAIE',1,'rsolis@uaz.edu.mx','http://biy.ly/uaieUAZ'),(2,'ITSZO Sistemas',3,'ontiveros@itszo.edu.mx','http://www.itszo.edu.mx/icpc');
DELETE FROM concurso;
INSERT INTO `concurso` VALUES (1,'Gran Premio de Mexico 2020','2020-10-31','2020-10-01','2020-10-28'),(2,'Eliminatoria Regional Mexico 2020','2020-11-14','2020-11-01','2020-11-11');
DELETE FROM sede_concurso;
INSERT INTO `sede_concurso` VALUES (1,1,1),(2,2,1),(3,1,2);
DELETE FROM equipo;
INSERT INTO `equipo` VALUES (1,'#include <uaz>','rsolis@uaz.edu.mx','charly@uaz.edu.mx','lalo@uaz.edu.mx','hjesus@hotmail.com','joyce@hotmail.com',1),(2,'pycoo','ontiveros@itszo.edu.mx','dianamtz@yahoo.com.mx','jorge12@gmail.com','lauratapia@outlook.com','',3);
DELETE FROM equipos_sede_concurso;
INSERT INTO `equipos_sede_concurso` VALUES (1,1,1),(2,2,1),(3,1,3);

