USE controlconcursos;
SET NAMES 'utf8' COLLATE 'utf8_spanish_ci';

INSERT INTO entidad VALUES(1,'Aguascalientes');
INSERT INTO entidad VALUES(2,'Baja California');
INSERT INTO entidad VALUES(3,'Baja California Sur');
INSERT INTO entidad VALUES(4,'Campeche');
INSERT INTO entidad VALUES(5,'Coahuila');
INSERT INTO entidad VALUES(6,'Colima');
INSERT INTO entidad VALUES(7,'Chiapas');
INSERT INTO entidad VALUES(8,'Chihuahua');
INSERT INTO entidad VALUES(9,'Ciudad de México'); 
INSERT INTO entidad VALUES(10,'Durango');
INSERT INTO entidad VALUES(11,'Guanajuato');
INSERT INTO entidad VALUES(12,'Guerrero');
INSERT INTO entidad VALUES(13,'Hidalgo');
INSERT INTO entidad VALUES(14,'Jalisco');
INSERT INTO entidad VALUES(15,'México');
INSERT INTO entidad VALUES(16,'Michoacán');
INSERT INTO entidad VALUES(17,'Morelos');
INSERT INTO entidad VALUES(18,'Nayarit');
INSERT INTO entidad VALUES(19,'Nuevo León');
INSERT INTO entidad VALUES(20,'Oaxaca');
INSERT INTO entidad VALUES(21,'Puebla');
INSERT INTO entidad VALUES(22,'Querétaro');
INSERT INTO entidad VALUES(23,'Quintana Roo');
INSERT INTO entidad VALUES(24,'San Luis Potosí');
INSERT INTO entidad VALUES(25,'Sinaloa');
INSERT INTO entidad VALUES(26,'Sonora');
INSERT INTO entidad VALUES(27,'Tabasco');
INSERT INTO entidad VALUES(28,'Tamaulipas');
INSERT INTO entidad VALUES(29,'Tlaxcala');
INSERT INTO entidad VALUES(30,'Veracruz');
INSERT INTO entidad VALUES(31,'Yucatán');
INSERT INTO entidad VALUES(32,'Zacatecas');

INSERT INTO municipio VALUES(1001,'Aguascalientes');
INSERT INTO municipio VALUES(1002,'Asientos');
INSERT INTO municipio VALUES(1003,'Calvillo');
INSERT INTO municipio VALUES(1004,'Cosío');
INSERT INTO municipio VALUES(1005,'Jesús María');
INSERT INTO municipio VALUES(1006,'Pabellón de Arteaga');
INSERT INTO municipio VALUES(1007,'Rincón de Romos');
INSERT INTO municipio VALUES(1008,'San José de Gracia');
INSERT INTO municipio VALUES(1009,'Tepezalá');
INSERT INTO municipio VALUES(1010,'El Llano');
INSERT INTO municipio VALUES(1011,'San Francisco de los Romo');
INSERT INTO municipio VALUES(2001,'Ensenada');
INSERT INTO municipio VALUES(2002,'Mexicali');
INSERT INTO municipio VALUES(2003,'Tecate');
INSERT INTO municipio VALUES(2004,'Tijuana');
INSERT INTO municipio VALUES(2005,'Playas de Rosarito');
INSERT INTO municipio VALUES(3001,'Comondú');
INSERT INTO municipio VALUES(3002,'Mulegé');
INSERT INTO municipio VALUES(3003,'La Paz');
INSERT INTO municipio VALUES(3008,'Los Cabos');
INSERT INTO municipio VALUES(3009,'Loreto');
INSERT INTO municipio VALUES(4001,'Calkiní');
INSERT INTO municipio VALUES(4002,'Campeche');
INSERT INTO municipio VALUES(4003,'Carmen');
INSERT INTO municipio VALUES(4004,'Champotón');
INSERT INTO municipio VALUES(4005,'Hecelchakán');
INSERT INTO municipio VALUES(4006,'Hopelchén');
INSERT INTO municipio VALUES(4007,'Palizada');
INSERT INTO municipio VALUES(4008,'Tenabo');
INSERT INTO municipio VALUES(4009,'Escárcega');
INSERT INTO municipio VALUES(4010,'Calakmul');
INSERT INTO municipio VALUES(4011,'Candelaria');
INSERT INTO municipio VALUES(5001,'Abasolo');
INSERT INTO municipio VALUES(5002,'Acuña');
INSERT INTO municipio VALUES(5003,'Allende');
INSERT INTO municipio VALUES(5004,'Arteaga');
INSERT INTO municipio VALUES(5005,'Candela');
INSERT INTO municipio VALUES(5006,'Castaños');
INSERT INTO municipio VALUES(5007,'Cuatro Ciénegas');
INSERT INTO municipio VALUES(5008,'Escobedo');
INSERT INTO municipio VALUES(5009,'Francisco I. Madero');
INSERT INTO municipio VALUES(5010,'Frontera');
INSERT INTO municipio VALUES(5011,'General Cepeda');
INSERT INTO municipio VALUES(5012,'Guerrero');
INSERT INTO municipio VALUES(5013,'Hidalgo');
INSERT INTO municipio VALUES(5014,'Jiménez');
INSERT INTO municipio VALUES(5015,'Juárez');
INSERT INTO municipio VALUES(5016,'Lamadrid');
INSERT INTO municipio VALUES(5017,'Matamoros');
INSERT INTO municipio VALUES(5018,'Monclova');
INSERT INTO municipio VALUES(5019,'Morelos');
INSERT INTO municipio VALUES(5020,'Múzquiz');
INSERT INTO municipio VALUES(5021,'Nadadores');
INSERT INTO municipio VALUES(5022,'Nava');
INSERT INTO municipio VALUES(5023,'Ocampo');
INSERT INTO municipio VALUES(5024,'Parras');
INSERT INTO municipio VALUES(5025,'Piedras Negras');
INSERT INTO municipio VALUES(5026,'Progreso');
INSERT INTO municipio VALUES(5027,'Ramos Arizpe');
INSERT INTO municipio VALUES(5028,'Sabinas');
INSERT INTO municipio VALUES(5029,'Sacramento');
INSERT INTO municipio VALUES(5030,'Saltillo');
INSERT INTO municipio VALUES(5031,'San Buenaventura');
INSERT INTO municipio VALUES(5032,'San Juan de Sabinas');
INSERT INTO municipio VALUES(5033,'San Pedro');
INSERT INTO municipio VALUES(5034,'Sierra Mojada');
INSERT INTO municipio VALUES(5035,'Torreón');
INSERT INTO municipio VALUES(5036,'Viesca');
INSERT INTO municipio VALUES(5037,'Villa Unión');
INSERT INTO municipio VALUES(5038,'Zaragoza');
INSERT INTO municipio VALUES(6001,'Armería');
INSERT INTO municipio VALUES(6002,'Colima');
INSERT INTO municipio VALUES(6003,'Comala');
INSERT INTO municipio VALUES(6004,'Coquimatlán');
INSERT INTO municipio VALUES(6005,'Cuauhtémoc');
INSERT INTO municipio VALUES(6006,'Ixtlahuacán');
INSERT INTO municipio VALUES(6007,'Manzanillo');
INSERT INTO municipio VALUES(6008,'Minatitlán');
INSERT INTO municipio VALUES(6009,'Tecomán');
INSERT INTO municipio VALUES(6010,'Villa de Álvarez');
INSERT INTO municipio VALUES(7001,'Acacoyagua');
INSERT INTO municipio VALUES(7002,'Acala');
INSERT INTO municipio VALUES(7003,'Acapetahua');
INSERT INTO municipio VALUES(7004,'Altamirano');
INSERT INTO municipio VALUES(7005,'Amatán');
INSERT INTO municipio VALUES(7006,'Amatenango de la Frontera');
INSERT INTO municipio VALUES(7007,'Amatenango del Valle');
INSERT INTO municipio VALUES(7008,'Angel Albino Corzo');
INSERT INTO municipio VALUES(7009,'Arriaga');
INSERT INTO municipio VALUES(7010,'Bejucal de Ocampo');
INSERT INTO municipio VALUES(7011,'Bella Vista');
INSERT INTO municipio VALUES(7012,'Berriozábal');
INSERT INTO municipio VALUES(7013,'Bochil');
INSERT INTO municipio VALUES(7014,'El Bosque');
INSERT INTO municipio VALUES(7015,'Cacahoatán');
INSERT INTO municipio VALUES(7016,'Catazajá');
INSERT INTO municipio VALUES(7017,'Cintalapa');
INSERT INTO municipio VALUES(7018,'Coapilla');
INSERT INTO municipio VALUES(7019,'Comitán de Domínguez');
INSERT INTO municipio VALUES(7020,'La Concordia');
INSERT INTO municipio VALUES(7021,'Copainalá');
INSERT INTO municipio VALUES(7022,'Chalchihuitán');
INSERT INTO municipio VALUES(7023,'Chamula');
INSERT INTO municipio VALUES(7024,'Chanal');
INSERT INTO municipio VALUES(7025,'Chapultenango');
INSERT INTO municipio VALUES(7026,'Chenalhó');
INSERT INTO municipio VALUES(7027,'Chiapa de Corzo');
INSERT INTO municipio VALUES(7028,'Chiapilla');
INSERT INTO municipio VALUES(7029,'Chicoasén');
INSERT INTO municipio VALUES(7030,'Chicomuselo');
INSERT INTO municipio VALUES(7031,'Chilón');
INSERT INTO municipio VALUES(7032,'Escuintla');
INSERT INTO municipio VALUES(7033,'Francisco León');
INSERT INTO municipio VALUES(7034,'Frontera Comalapa');
INSERT INTO municipio VALUES(7035,'Frontera Hidalgo');
INSERT INTO municipio VALUES(7036,'La Grandeza');
INSERT INTO municipio VALUES(7037,'Huehuetán');
INSERT INTO municipio VALUES(7038,'Huixtán');
INSERT INTO municipio VALUES(7039,'Huitiupán');
INSERT INTO municipio VALUES(7040,'Huixtla');
INSERT INTO municipio VALUES(7041,'La Independencia');
INSERT INTO municipio VALUES(7042,'Ixhuatán');
INSERT INTO municipio VALUES(7043,'Ixtacomitán');
INSERT INTO municipio VALUES(7044,'Ixtapa');
INSERT INTO municipio VALUES(7045,'Ixtapangajoya');
INSERT INTO municipio VALUES(7046,'Jiquipilas');
INSERT INTO municipio VALUES(7047,'Jitotol');
INSERT INTO municipio VALUES(7048,'Juárez');
INSERT INTO municipio VALUES(7049,'Larráinzar');
INSERT INTO municipio VALUES(7050,'La Libertad');
INSERT INTO municipio VALUES(7051,'Mapastepec');
INSERT INTO municipio VALUES(7052,'Las Margaritas');
INSERT INTO municipio VALUES(7053,'Mazapa de Madero');
INSERT INTO municipio VALUES(7054,'Mazatán');
INSERT INTO municipio VALUES(7055,'Metapa');
INSERT INTO municipio VALUES(7056,'Mitontic');
INSERT INTO municipio VALUES(7057,'Motozintla');
INSERT INTO municipio VALUES(7058,'Nicolás Ruíz');
INSERT INTO municipio VALUES(7059,'Ocosingo');
INSERT INTO municipio VALUES(7060,'Ocotepec');
INSERT INTO municipio VALUES(7061,'Ocozocoautla de Espinosa');
INSERT INTO municipio VALUES(7062,'Ostuacán');
INSERT INTO municipio VALUES(7063,'Osumacinta');
INSERT INTO municipio VALUES(7064,'Oxchuc');
INSERT INTO municipio VALUES(7065,'Palenque');
INSERT INTO municipio VALUES(7066,'Pantelhó');
INSERT INTO municipio VALUES(7067,'Pantepec');
INSERT INTO municipio VALUES(7068,'Pichucalco');
INSERT INTO municipio VALUES(7069,'Pijijiapan');
INSERT INTO municipio VALUES(7070,'El Porvenir');
INSERT INTO municipio VALUES(7071,'Villa Comaltitlán');
INSERT INTO municipio VALUES(7072,'Pueblo Nuevo Solistahuacán');
INSERT INTO municipio VALUES(7073,'Rayón');
INSERT INTO municipio VALUES(7074,'Reforma');
INSERT INTO municipio VALUES(7075,'Las Rosas');
INSERT INTO municipio VALUES(7076,'Sabanilla');
INSERT INTO municipio VALUES(7077,'Salto de Agua');
INSERT INTO municipio VALUES(7078,'San Cristóbal de las Casas');
INSERT INTO municipio VALUES(7079,'San Fernando');
INSERT INTO municipio VALUES(7080,'Siltepec');
INSERT INTO municipio VALUES(7081,'Simojovel');
INSERT INTO municipio VALUES(7082,'Sitalá');
INSERT INTO municipio VALUES(7083,'Socoltenango');
INSERT INTO municipio VALUES(7084,'Solosuchiapa');
INSERT INTO municipio VALUES(7085,'Soyaló');
INSERT INTO municipio VALUES(7086,'Suchiapa');
INSERT INTO municipio VALUES(7087,'Suchiate');
INSERT INTO municipio VALUES(7088,'Sunuapa');
INSERT INTO municipio VALUES(7089,'Tapachula');
INSERT INTO municipio VALUES(7090,'Tapalapa');
INSERT INTO municipio VALUES(7091,'Tapilula');
INSERT INTO municipio VALUES(7092,'Tecpatán');
INSERT INTO municipio VALUES(7093,'Tenejapa');
INSERT INTO municipio VALUES(7094,'Teopisca');
INSERT INTO municipio VALUES(7096,'Tila');
INSERT INTO municipio VALUES(7097,'Tonalá');
INSERT INTO municipio VALUES(7098,'Totolapa');
INSERT INTO municipio VALUES(7099,'La Trinitaria');
INSERT INTO municipio VALUES(7100,'Tumbalá');
INSERT INTO municipio VALUES(7101,'Tuxtla Gutiérrez');
INSERT INTO municipio VALUES(7102,'Tuxtla Chico');
INSERT INTO municipio VALUES(7103,'Tuzantán');
INSERT INTO municipio VALUES(7104,'Tzimol');
INSERT INTO municipio VALUES(7105,'Unión Juárez');
INSERT INTO municipio VALUES(7106,'Venustiano Carranza');
INSERT INTO municipio VALUES(7107,'Villa Corzo');
INSERT INTO municipio VALUES(7108,'Villaflores');
INSERT INTO municipio VALUES(7109,'Yajalón');
INSERT INTO municipio VALUES(7110,'San Lucas');
INSERT INTO municipio VALUES(7111,'Zinacantán');
INSERT INTO municipio VALUES(7112,'San Juan Cancuc');
INSERT INTO municipio VALUES(7113,'Aldama');
INSERT INTO municipio VALUES(7114,'Benemérito de las Américas');
INSERT INTO municipio VALUES(7115,'Maravilla Tenejapa');
INSERT INTO municipio VALUES(7116,'Marqués de Comillas');
INSERT INTO municipio VALUES(7117,'Montecristo de Guerrero');
INSERT INTO municipio VALUES(7118,'San Andrés Duraznal');
INSERT INTO municipio VALUES(7119,'Santiago el Pinar');
INSERT INTO municipio VALUES(8001,'Ahumada');
INSERT INTO municipio VALUES(8002,'Aldama');
INSERT INTO municipio VALUES(8003,'Allende');
INSERT INTO municipio VALUES(8004,'Aquiles Serdán');
INSERT INTO municipio VALUES(8005,'Ascensión');
INSERT INTO municipio VALUES(8006,'Bachíniva');
INSERT INTO municipio VALUES(8007,'Balleza');
INSERT INTO municipio VALUES(8008,'Batopilas');
INSERT INTO municipio VALUES(8009,'Bocoyna');
INSERT INTO municipio VALUES(8010,'Buenaventura');
INSERT INTO municipio VALUES(8011,'Camargo');
INSERT INTO municipio VALUES(8012,'Carichí');
INSERT INTO municipio VALUES(8013,'Casas Grandes');
INSERT INTO municipio VALUES(8014,'Coronado');
INSERT INTO municipio VALUES(8015,'Coyame del Sotol');
INSERT INTO municipio VALUES(8016,'La Cruz');
INSERT INTO municipio VALUES(8017,'Cuauhtémoc');
INSERT INTO municipio VALUES(8018,'Cusihuiriachi');
INSERT INTO municipio VALUES(8019,'Chihuahua');
INSERT INTO municipio VALUES(8020,'Chínipas');
INSERT INTO municipio VALUES(8021,'Delicias');
INSERT INTO municipio VALUES(8022,'Dr. Belisario Domínguez');
INSERT INTO municipio VALUES(8023,'Galeana');
INSERT INTO municipio VALUES(8024,'Santa Isabel');
INSERT INTO municipio VALUES(8025,'Gómez Farías');
INSERT INTO municipio VALUES(8026,'Gran Morelos');
INSERT INTO municipio VALUES(8027,'Guachochi');
INSERT INTO municipio VALUES(8028,'Guadalupe');
INSERT INTO municipio VALUES(8029,'Guadalupe y Calvo');
INSERT INTO municipio VALUES(8030,'Guazapares');
INSERT INTO municipio VALUES(8031,'Guerrero');
INSERT INTO municipio VALUES(8032,'Hidalgo del Parral');
INSERT INTO municipio VALUES(8033,'Huejotitán');
INSERT INTO municipio VALUES(8034,'Ignacio Zaragoza');
INSERT INTO municipio VALUES(8035,'Janos');
INSERT INTO municipio VALUES(8036,'Jiménez');
INSERT INTO municipio VALUES(8037,'Juárez');
INSERT INTO municipio VALUES(8038,'Julimes');
INSERT INTO municipio VALUES(8039,'López');
INSERT INTO municipio VALUES(8040,'Madera');
INSERT INTO municipio VALUES(8041,'Maguarichi');
INSERT INTO municipio VALUES(8042,'Manuel Benavides');
INSERT INTO municipio VALUES(8043,'Matachí');
INSERT INTO municipio VALUES(8044,'Matamoros');
INSERT INTO municipio VALUES(8045,'Meoqui');
INSERT INTO municipio VALUES(8046,'Morelos');
INSERT INTO municipio VALUES(8047,'Moris');
INSERT INTO municipio VALUES(8048,'Namiquipa');
INSERT INTO municipio VALUES(8049,'Nonoava');
INSERT INTO municipio VALUES(8050,'Nuevo Casas Grandes');
INSERT INTO municipio VALUES(8051,'Ocampo');
INSERT INTO municipio VALUES(8052,'Ojinaga');
INSERT INTO municipio VALUES(8053,'Praxedis G. Guerrero');
INSERT INTO municipio VALUES(8054,'Riva Palacio');
INSERT INTO municipio VALUES(8055,'Rosales');
INSERT INTO municipio VALUES(8056,'Rosario');
INSERT INTO municipio VALUES(8057,'San Francisco de Borja');
INSERT INTO municipio VALUES(8058,'San Francisco de Conchos');
INSERT INTO municipio VALUES(8059,'San Francisco del Oro');
INSERT INTO municipio VALUES(8060,'Santa Bárbara');
INSERT INTO municipio VALUES(8061,'Satevó');
INSERT INTO municipio VALUES(8062,'Saucillo');
INSERT INTO municipio VALUES(8063,'Temósachic');
INSERT INTO municipio VALUES(8064,'El Tule');
INSERT INTO municipio VALUES(8065,'Urique');
INSERT INTO municipio VALUES(8066,'Uruachi');
INSERT INTO municipio VALUES(8067,'Valle de Zaragoza');
INSERT INTO municipio VALUES(9002,'Azcapotzalco');
INSERT INTO municipio VALUES(9003,'Coyoacán');
INSERT INTO municipio VALUES(9004,'Cuajimalpa de Morelos');
INSERT INTO municipio VALUES(9005,'Gustavo A. Madero');
INSERT INTO municipio VALUES(9006,'Iztacalco');
INSERT INTO municipio VALUES(9007,'Iztapalapa');
INSERT INTO municipio VALUES(9008,'La Magdalena Contreras');
INSERT INTO municipio VALUES(9009,'Milpa Alta');
INSERT INTO municipio VALUES(9010,'Álvaro Obregón');
INSERT INTO municipio VALUES(9011,'Tláhuac');
INSERT INTO municipio VALUES(9012,'Tlalpan');
INSERT INTO municipio VALUES(9013,'Xochimilco');
INSERT INTO municipio VALUES(9014,'Benito Juárez');
INSERT INTO municipio VALUES(9015,'Cuauhtémoc');
INSERT INTO municipio VALUES(9016,'Miguel Hidalgo');
INSERT INTO municipio VALUES(9017,'Venustiano Carranza');
INSERT INTO municipio VALUES(10001,'Canatlán');
INSERT INTO municipio VALUES(10002,'Canelas');
INSERT INTO municipio VALUES(10003,'Coneto de Comonfort');
INSERT INTO municipio VALUES(10004,'Cuencamé');
INSERT INTO municipio VALUES(10005,'Durango');
INSERT INTO municipio VALUES(10006,'General Simón Bolívar');
INSERT INTO municipio VALUES(10007,'Gómez Palacio');
INSERT INTO municipio VALUES(10008,'Guadalupe Victoria');
INSERT INTO municipio VALUES(10009,'Guanaceví');
INSERT INTO municipio VALUES(10010,'Hidalgo');
INSERT INTO municipio VALUES(10011,'Indé');
INSERT INTO municipio VALUES(10012,'Lerdo');
INSERT INTO municipio VALUES(10013,'Mapimí');
INSERT INTO municipio VALUES(10014,'Mezquital');
INSERT INTO municipio VALUES(10015,'Nazas');
INSERT INTO municipio VALUES(10016,'Nombre de Dios');
INSERT INTO municipio VALUES(10017,'Ocampo');
INSERT INTO municipio VALUES(10018,'El Oro');
INSERT INTO municipio VALUES(10019,'Otáez');
INSERT INTO municipio VALUES(10020,'Pánuco de Coronado');
INSERT INTO municipio VALUES(10021,'Peñón Blanco');
INSERT INTO municipio VALUES(10022,'Poanas');
INSERT INTO municipio VALUES(10023,'Pueblo Nuevo');
INSERT INTO municipio VALUES(10024,'Rodeo');
INSERT INTO municipio VALUES(10025,'San Bernardo');
INSERT INTO municipio VALUES(10026,'San Dimas');
INSERT INTO municipio VALUES(10027,'San Juan de Guadalupe');
INSERT INTO municipio VALUES(10028,'San Juan del Río');
INSERT INTO municipio VALUES(10029,'San Luis del Cordero');
INSERT INTO municipio VALUES(10030,'San Pedro del Gallo');
INSERT INTO municipio VALUES(10031,'Santa Clara');
INSERT INTO municipio VALUES(10032,'Santiago Papasquiaro');
INSERT INTO municipio VALUES(10033,'Súchil');
INSERT INTO municipio VALUES(10034,'Tamazula');
INSERT INTO municipio VALUES(10035,'Tepehuanes');
INSERT INTO municipio VALUES(10036,'Tlahualilo');
INSERT INTO municipio VALUES(10037,'Topia');
INSERT INTO municipio VALUES(10038,'Vicente Guerrero');
INSERT INTO municipio VALUES(10039,'Nuevo Ideal');
INSERT INTO municipio VALUES(11001,'Abasolo');
INSERT INTO municipio VALUES(11002,'Acámbaro');
INSERT INTO municipio VALUES(11003,'San Miguel de Allende');
INSERT INTO municipio VALUES(11004,'Apaseo el Alto');
INSERT INTO municipio VALUES(11005,'Apaseo el Grande');
INSERT INTO municipio VALUES(11006,'Atarjea');
INSERT INTO municipio VALUES(11007,'Celaya');
INSERT INTO municipio VALUES(11008,'Manuel Doblado');
INSERT INTO municipio VALUES(11009,'Comonfort');
INSERT INTO municipio VALUES(11010,'Coroneo');
INSERT INTO municipio VALUES(11011,'Cortazar');
INSERT INTO municipio VALUES(11012,'Cuerámaro');
INSERT INTO municipio VALUES(11013,'Doctor Mora');
INSERT INTO municipio VALUES(11014,'Dolores Hidalgo');
INSERT INTO municipio VALUES(11015,'Guanajuato');
INSERT INTO municipio VALUES(11016,'Huanímaro');
INSERT INTO municipio VALUES(11017,'Irapuato');
INSERT INTO municipio VALUES(11018,'Jaral del Progreso');
INSERT INTO municipio VALUES(11019,'Jerécuaro');
INSERT INTO municipio VALUES(11020,'León');
INSERT INTO municipio VALUES(11021,'Moroleón');
INSERT INTO municipio VALUES(11022,'Ocampo');
INSERT INTO municipio VALUES(11023,'Pénjamo');
INSERT INTO municipio VALUES(11024,'Pueblo Nuevo');
INSERT INTO municipio VALUES(11025,'Purísima del Rincón');
INSERT INTO municipio VALUES(11026,'Romita');
INSERT INTO municipio VALUES(11027,'Salamanca');
INSERT INTO municipio VALUES(11028,'Salvatierra');
INSERT INTO municipio VALUES(11029,'San Diego de la Unión');
INSERT INTO municipio VALUES(11030,'San Felipe');
INSERT INTO municipio VALUES(11031,'San Francisco del Rincón');
INSERT INTO municipio VALUES(11032,'San José Iturbide');
INSERT INTO municipio VALUES(11033,'San Luis de la Paz');
INSERT INTO municipio VALUES(11034,'Santa Catarina');
INSERT INTO municipio VALUES(11035,'Santa Cruz de Juventino Rosas');
INSERT INTO municipio VALUES(11036,'Santiago Maravatío');
INSERT INTO municipio VALUES(11037,'Silao de la Victoria');
INSERT INTO municipio VALUES(11038,'Tarandacuao');
INSERT INTO municipio VALUES(11039,'Tarimoro');
INSERT INTO municipio VALUES(11040,'Tierra Blanca');
INSERT INTO municipio VALUES(11041,'Uriangato');
INSERT INTO municipio VALUES(11042,'Valle de Santiago');
INSERT INTO municipio VALUES(11043,'Victoria');
INSERT INTO municipio VALUES(11044,'Villagrán');
INSERT INTO municipio VALUES(11045,'Xichú');
INSERT INTO municipio VALUES(11046,'Yuriria');
INSERT INTO municipio VALUES(12001,'Acapulco de Juárez');
INSERT INTO municipio VALUES(12002,'Ahuacuotzingo');
INSERT INTO municipio VALUES(12003,'Ajuchitlán del Progreso');
INSERT INTO municipio VALUES(12004,'Alcozauca de Guerrero');
INSERT INTO municipio VALUES(12005,'Alpoyeca');
INSERT INTO municipio VALUES(12006,'Apaxtla');
INSERT INTO municipio VALUES(12007,'Arcelia');
INSERT INTO municipio VALUES(12008,'Atenango del Río');
INSERT INTO municipio VALUES(12009,'Atlamajalcingo del Monte');
INSERT INTO municipio VALUES(12010,'Atlixtac');
INSERT INTO municipio VALUES(12011,'Atoyac de Álvarez');
INSERT INTO municipio VALUES(12012,'Ayutla de los Libres');
INSERT INTO municipio VALUES(12013,'Azoyú');
INSERT INTO municipio VALUES(12014,'Benito Juárez');
INSERT INTO municipio VALUES(12015,'Buenavista de Cuéllar');
INSERT INTO municipio VALUES(12016,'Coahuayutla de José María Izazaga');
INSERT INTO municipio VALUES(12017,'Cocula');
INSERT INTO municipio VALUES(12018,'Copala');
INSERT INTO municipio VALUES(12019,'Copalillo');
INSERT INTO municipio VALUES(12020,'Copanatoyac');
INSERT INTO municipio VALUES(12021,'Coyuca de Benítez');
INSERT INTO municipio VALUES(12022,'Coyuca de Catalán');
INSERT INTO municipio VALUES(12023,'Cuajinicuilapa');
INSERT INTO municipio VALUES(12024,'Cualác');
INSERT INTO municipio VALUES(12025,'Cuautepec');
INSERT INTO municipio VALUES(12026,'Cuetzala del Progreso');
INSERT INTO municipio VALUES(12027,'Cutzamala de Pinzón');
INSERT INTO municipio VALUES(12028,'Chilapa de Álvarez');
INSERT INTO municipio VALUES(12029,'Chilpancingo de los Bravo');
INSERT INTO municipio VALUES(12030,'Florencio Villarreal');
INSERT INTO municipio VALUES(12031,'General Canuto A. Neri');
INSERT INTO municipio VALUES(12032,'General Heliodoro Castillo');
INSERT INTO municipio VALUES(12033,'Huamuxtitlán');
INSERT INTO municipio VALUES(12034,'Huitzuco de los Figueroa');
INSERT INTO municipio VALUES(12035,'Iguala de la Independencia');
INSERT INTO municipio VALUES(12036,'Igualapa');
INSERT INTO municipio VALUES(12037,'Ixcateopan de Cuauhtémoc');
INSERT INTO municipio VALUES(12038,'Zihuatanejo de Azueta');
INSERT INTO municipio VALUES(12039,'Juan R. Escudero');
INSERT INTO municipio VALUES(12040,'Leonardo Bravo');
INSERT INTO municipio VALUES(12041,'Malinaltepec');
INSERT INTO municipio VALUES(12042,'Mártir de Cuilapan');
INSERT INTO municipio VALUES(12043,'Metlatónoc');
INSERT INTO municipio VALUES(12044,'Mochitlán');
INSERT INTO municipio VALUES(12045,'Olinalá');
INSERT INTO municipio VALUES(12046,'Ometepec');
INSERT INTO municipio VALUES(12047,'Pedro Ascencio Alquisiras');
INSERT INTO municipio VALUES(12048,'Petatlán');
INSERT INTO municipio VALUES(12049,'Pilcaya');
INSERT INTO municipio VALUES(12050,'Pungarabato');
INSERT INTO municipio VALUES(12051,'Quechultenango');
INSERT INTO municipio VALUES(12052,'San Luis Acatlán');
INSERT INTO municipio VALUES(12053,'San Marcos');
INSERT INTO municipio VALUES(12054,'San Miguel Totolapan');
INSERT INTO municipio VALUES(12055,'Taxco de Alarcón');
INSERT INTO municipio VALUES(12056,'Tecoanapa');
INSERT INTO municipio VALUES(12057,'Técpan de Galeana');
INSERT INTO municipio VALUES(12058,'Teloloapan');
INSERT INTO municipio VALUES(12059,'Tepecoacuilco de Trujano');
INSERT INTO municipio VALUES(12060,'Tetipac');
INSERT INTO municipio VALUES(12061,'Tixtla de Guerrero');
INSERT INTO municipio VALUES(12062,'Tlacoachistlahuaca');
INSERT INTO municipio VALUES(12063,'Tlacoapa');
INSERT INTO municipio VALUES(12064,'Tlalchapa');
INSERT INTO municipio VALUES(12065,'Tlalixtaquilla de Maldonado');
INSERT INTO municipio VALUES(12066,'Tlapa de Comonfort');
INSERT INTO municipio VALUES(12067,'Tlapehuala');
INSERT INTO municipio VALUES(12068,'La Unión de Isidoro Montes de Oca');
INSERT INTO municipio VALUES(12069,'Xalpatláhuac');
INSERT INTO municipio VALUES(12070,'Xochihuehuetlán');
INSERT INTO municipio VALUES(12071,'Xochistlahuaca');
INSERT INTO municipio VALUES(12072,'Zapotitlán Tablas');
INSERT INTO municipio VALUES(12073,'Zirándaro');
INSERT INTO municipio VALUES(12074,'Zitlala');
INSERT INTO municipio VALUES(12075,'Eduardo Neri');
INSERT INTO municipio VALUES(12076,'Acatepec');
INSERT INTO municipio VALUES(12077,'Marquelia');
INSERT INTO municipio VALUES(12078,'Cochoapa el Grande');
INSERT INTO municipio VALUES(12079,'José Joaquín de Herrera');
INSERT INTO municipio VALUES(12080,'Juchitán');
INSERT INTO municipio VALUES(12081,'Iliatenco');
INSERT INTO municipio VALUES(13001,'Acatlán');
INSERT INTO municipio VALUES(13002,'Acaxochitlán');
INSERT INTO municipio VALUES(13003,'Actopan');
INSERT INTO municipio VALUES(13004,'Agua Blanca de Iturbide');
INSERT INTO municipio VALUES(13005,'Ajacuba');
INSERT INTO municipio VALUES(13006,'Alfajayucan');
INSERT INTO municipio VALUES(13007,'Almoloya');
INSERT INTO municipio VALUES(13008,'Apan');
INSERT INTO municipio VALUES(13009,'El Arenal');
INSERT INTO municipio VALUES(13010,'Atitalaquia');
INSERT INTO municipio VALUES(13011,'Atlapexco');
INSERT INTO municipio VALUES(13012,'Atotonilco el Grande');
INSERT INTO municipio VALUES(13013,'Atotonilco de Tula');
INSERT INTO municipio VALUES(13014,'Calnali');
INSERT INTO municipio VALUES(13015,'Cardonal');
INSERT INTO municipio VALUES(13016,'Cuautepec de Hinojosa');
INSERT INTO municipio VALUES(13017,'Chapantongo');
INSERT INTO municipio VALUES(13018,'Chapulhuacán');
INSERT INTO municipio VALUES(13019,'Chilcuautla');
INSERT INTO municipio VALUES(13020,'Eloxochitlán');
INSERT INTO municipio VALUES(13021,'Emiliano Zapata');
INSERT INTO municipio VALUES(13022,'Epazoyucan');
INSERT INTO municipio VALUES(13023,'Francisco I. Madero');
INSERT INTO municipio VALUES(13024,'Huasca de Ocampo');
INSERT INTO municipio VALUES(13025,'Huautla');
INSERT INTO municipio VALUES(13026,'Huazalingo');
INSERT INTO municipio VALUES(13027,'Huehuetla');
INSERT INTO municipio VALUES(13028,'Huejutla de Reyes');
INSERT INTO municipio VALUES(13029,'Huichapan');
INSERT INTO municipio VALUES(13030,'Ixmiquilpan');
INSERT INTO municipio VALUES(13031,'Jacala de Ledezma');
INSERT INTO municipio VALUES(13032,'Jaltocán');
INSERT INTO municipio VALUES(13033,'Juárez Hidalgo');
INSERT INTO municipio VALUES(13034,'Lolotla');
INSERT INTO municipio VALUES(13035,'Metepec');
INSERT INTO municipio VALUES(13036,'San Agustín Metzquititlán');
INSERT INTO municipio VALUES(13037,'Metztitlán');
INSERT INTO municipio VALUES(13038,'Mineral del Chico');
INSERT INTO municipio VALUES(13039,'Mineral del Monte');
INSERT INTO municipio VALUES(13040,'La Misión');
INSERT INTO municipio VALUES(13041,'Mixquiahuala de Juárez');
INSERT INTO municipio VALUES(13042,'Molango de Escamilla');
INSERT INTO municipio VALUES(13043,'Nicolás Flores');
INSERT INTO municipio VALUES(13044,'Nopala de Villagrán');
INSERT INTO municipio VALUES(13045,'Omitlán de Juárez');
INSERT INTO municipio VALUES(13046,'San Felipe Orizatlán');
INSERT INTO municipio VALUES(13047,'Pacula');
INSERT INTO municipio VALUES(13048,'Pachuca de Soto');
INSERT INTO municipio VALUES(13049,'Pisaflores');
INSERT INTO municipio VALUES(13050,'Progreso de Obregón');
INSERT INTO municipio VALUES(13051,'Mineral de la Reforma');
INSERT INTO municipio VALUES(13052,'San Agustín Tlaxiaca');
INSERT INTO municipio VALUES(13053,'San Bartolo Tutotepec');
INSERT INTO municipio VALUES(13054,'San Salvador');
INSERT INTO municipio VALUES(13055,'Santiago de Anaya');
INSERT INTO municipio VALUES(13056,'Santiago Tulantepec de Lugo Guerrero');
INSERT INTO municipio VALUES(13057,'Singuilucan');
INSERT INTO municipio VALUES(13058,'Tasquillo');
INSERT INTO municipio VALUES(13059,'Tecozautla');
INSERT INTO municipio VALUES(13060,'Tenango de Doria');
INSERT INTO municipio VALUES(13061,'Tepeapulco');
INSERT INTO municipio VALUES(13062,'Tepehuacán de Guerrero');
INSERT INTO municipio VALUES(13063,'Tepeji del Río de Ocampo');
INSERT INTO municipio VALUES(13064,'Tepetitlán');
INSERT INTO municipio VALUES(13065,'Tetepango');
INSERT INTO municipio VALUES(13066,'Villa de Tezontepec');
INSERT INTO municipio VALUES(13067,'Tezontepec de Aldama');
INSERT INTO municipio VALUES(13068,'Tianguistengo');
INSERT INTO municipio VALUES(13069,'Tizayuca');
INSERT INTO municipio VALUES(13070,'Tlahuelilpan');
INSERT INTO municipio VALUES(13071,'Tlahuiltepa');
INSERT INTO municipio VALUES(13072,'Tlanalapa');
INSERT INTO municipio VALUES(13073,'Tlanchinol');
INSERT INTO municipio VALUES(13074,'Tlaxcoapan');
INSERT INTO municipio VALUES(13075,'Tolcayuca');
INSERT INTO municipio VALUES(13076,'Tula de Allende');
INSERT INTO municipio VALUES(13077,'Tulancingo de Bravo');
INSERT INTO municipio VALUES(13078,'Xochiatipan');
INSERT INTO municipio VALUES(13079,'Xochicoatlán');
INSERT INTO municipio VALUES(13080,'Yahualica');
INSERT INTO municipio VALUES(13081,'Zacualtipán de Ángeles');
INSERT INTO municipio VALUES(13082,'Zapotlán de Juárez');
INSERT INTO municipio VALUES(13083,'Zempoala');
INSERT INTO municipio VALUES(13084,'Zimapán');
INSERT INTO municipio VALUES(14001,'Acatic');
INSERT INTO municipio VALUES(14002,'Acatlán de Juárez');
INSERT INTO municipio VALUES(14003,'Ahualulco de Mercado');
INSERT INTO municipio VALUES(14004,'Amacueca');
INSERT INTO municipio VALUES(14005,'Amatitán');
INSERT INTO municipio VALUES(14006,'Ameca');
INSERT INTO municipio VALUES(14007,'San Juanito de Escobedo');
INSERT INTO municipio VALUES(14008,'Arandas');
INSERT INTO municipio VALUES(14009,'El Arenal');
INSERT INTO municipio VALUES(14010,'Atemajac de Brizuela');
INSERT INTO municipio VALUES(14011,'Atengo');
INSERT INTO municipio VALUES(14012,'Atenguillo');
INSERT INTO municipio VALUES(14013,'Atotonilco el Alto');
INSERT INTO municipio VALUES(14014,'Atoyac');
INSERT INTO municipio VALUES(14015,'Autlán de Navarro');
INSERT INTO municipio VALUES(14016,'Ayotlán');
INSERT INTO municipio VALUES(14017,'Ayutla');
INSERT INTO municipio VALUES(14018,'La Barca');
INSERT INTO municipio VALUES(14019,'Bolaños');
INSERT INTO municipio VALUES(14020,'Cabo Corrientes');
INSERT INTO municipio VALUES(14021,'Casimiro Castillo');
INSERT INTO municipio VALUES(14022,'Cihuatlán');
INSERT INTO municipio VALUES(14023,'Zapotlán el Grande');
INSERT INTO municipio VALUES(14024,'Cocula');
INSERT INTO municipio VALUES(14025,'Colotlán');
INSERT INTO municipio VALUES(14026,'Concepción de Buenos Aires');
INSERT INTO municipio VALUES(14027,'Cuautitlán de García Barragán');
INSERT INTO municipio VALUES(14028,'Cuautla');
INSERT INTO municipio VALUES(14029,'Cuquío');
INSERT INTO municipio VALUES(14030,'Chapala');
INSERT INTO municipio VALUES(14031,'Chimaltitán');
INSERT INTO municipio VALUES(14032,'Chiquilistlán');
INSERT INTO municipio VALUES(14033,'Degollado');
INSERT INTO municipio VALUES(14034,'Ejutla');
INSERT INTO municipio VALUES(14035,'Encarnación de Díaz');
INSERT INTO municipio VALUES(14036,'Etzatlán');
INSERT INTO municipio VALUES(14037,'El Grullo');
INSERT INTO municipio VALUES(14038,'Guachinango');
INSERT INTO municipio VALUES(14039,'Guadalajara');
INSERT INTO municipio VALUES(14040,'Hostotipaquillo');
INSERT INTO municipio VALUES(14041,'Huejúcar');
INSERT INTO municipio VALUES(14042,'Huejuquilla el Alto');
INSERT INTO municipio VALUES(14043,'La Huerta');
INSERT INTO municipio VALUES(14044,'Ixtlahuacán de los Membrillos');
INSERT INTO municipio VALUES(14045,'Ixtlahuacán del Río');
INSERT INTO municipio VALUES(14046,'Jalostotitlán');
INSERT INTO municipio VALUES(14047,'Jamay');
INSERT INTO municipio VALUES(14048,'Jesús María');
INSERT INTO municipio VALUES(14049,'Jilotlán de los Dolores');
INSERT INTO municipio VALUES(14050,'Jocotepec');
INSERT INTO municipio VALUES(14051,'Juanacatlán');
INSERT INTO municipio VALUES(14052,'Juchitlán');
INSERT INTO municipio VALUES(14053,'Lagos de Moreno');
INSERT INTO municipio VALUES(14054,'El Limón');
INSERT INTO municipio VALUES(14055,'Magdalena');
INSERT INTO municipio VALUES(14056,'Santa María del Oro');
INSERT INTO municipio VALUES(14057,'La Manzanilla de la Paz');
INSERT INTO municipio VALUES(14058,'Mascota');
INSERT INTO municipio VALUES(14059,'Mazamitla');
INSERT INTO municipio VALUES(14060,'Mexticacán');
INSERT INTO municipio VALUES(14061,'Mezquitic');
INSERT INTO municipio VALUES(14062,'Mixtlán');
INSERT INTO municipio VALUES(14063,'Ocotlán');
INSERT INTO municipio VALUES(14064,'Ojuelos de Jalisco');
INSERT INTO municipio VALUES(14065,'Pihuamo');
INSERT INTO municipio VALUES(14066,'Poncitlán');
INSERT INTO municipio VALUES(14067,'Puerto Vallarta');
INSERT INTO municipio VALUES(14068,'Villa Purificación');
INSERT INTO municipio VALUES(14069,'Quitupan');
INSERT INTO municipio VALUES(14070,'El Salto');
INSERT INTO municipio VALUES(14071,'San Cristóbal de la Barranca');
INSERT INTO municipio VALUES(14072,'San Diego de Alejandría');
INSERT INTO municipio VALUES(14073,'San Juan de los Lagos');
INSERT INTO municipio VALUES(14074,'San Julián');
INSERT INTO municipio VALUES(14075,'San Marcos');
INSERT INTO municipio VALUES(14076,'San Martín de Bolaños');
INSERT INTO municipio VALUES(14077,'San Martín Hidalgo');
INSERT INTO municipio VALUES(14078,'San Miguel el Alto');
INSERT INTO municipio VALUES(14079,'Gómez Farías');
INSERT INTO municipio VALUES(14080,'San Sebastián del Oeste');
INSERT INTO municipio VALUES(14081,'Santa María de los Ángeles');
INSERT INTO municipio VALUES(14082,'Sayula');
INSERT INTO municipio VALUES(14083,'Tala');
INSERT INTO municipio VALUES(14084,'Talpa de Allende');
INSERT INTO municipio VALUES(14085,'Tamazula de Gordiano');
INSERT INTO municipio VALUES(14086,'Tapalpa');
INSERT INTO municipio VALUES(14087,'Tecalitlán');
INSERT INTO municipio VALUES(14088,'Tecolotlán');
INSERT INTO municipio VALUES(14089,'Techaluta de Montenegro');
INSERT INTO municipio VALUES(14090,'Tenamaxtlán');
INSERT INTO municipio VALUES(14091,'Teocaltiche');
INSERT INTO municipio VALUES(14092,'Teocuitatlán de Corona');
INSERT INTO municipio VALUES(14093,'Tepatitlán de Morelos');
INSERT INTO municipio VALUES(14094,'Tequila');
INSERT INTO municipio VALUES(14095,'Teuchitlán');
INSERT INTO municipio VALUES(14096,'Tizapán el Alto');
INSERT INTO municipio VALUES(14097,'Tlajomulco de Zúñiga');
INSERT INTO municipio VALUES(14098,'San Pedro Tlaquepaque');
INSERT INTO municipio VALUES(14099,'Tolimán');
INSERT INTO municipio VALUES(14100,'Tomatlán');
INSERT INTO municipio VALUES(14101,'Tonalá');
INSERT INTO municipio VALUES(14102,'Tonaya');
INSERT INTO municipio VALUES(14103,'Tonila');
INSERT INTO municipio VALUES(14104,'Totatiche');
INSERT INTO municipio VALUES(14105,'Tototlán');
INSERT INTO municipio VALUES(14106,'Tuxcacuesco');
INSERT INTO municipio VALUES(14107,'Tuxcueca');
INSERT INTO municipio VALUES(14108,'Tuxpan');
INSERT INTO municipio VALUES(14109,'Unión de San Antonio');
INSERT INTO municipio VALUES(14110,'Unión de Tula');
INSERT INTO municipio VALUES(14111,'Valle de Guadalupe');
INSERT INTO municipio VALUES(14112,'Valle de Juárez');
INSERT INTO municipio VALUES(14113,'San Gabriel');
INSERT INTO municipio VALUES(14114,'Villa Corona');
INSERT INTO municipio VALUES(14115,'Villa Guerrero');
INSERT INTO municipio VALUES(14116,'Villa Hidalgo');
INSERT INTO municipio VALUES(14117,'Cañadas de Obregón');
INSERT INTO municipio VALUES(14118,'Yahualica de González Gallo');
INSERT INTO municipio VALUES(14119,'Zacoalco de Torres');
INSERT INTO municipio VALUES(14120,'Zapopan');
INSERT INTO municipio VALUES(14121,'Zapotiltic');
INSERT INTO municipio VALUES(14122,'Zapotitlán de Vadillo');
INSERT INTO municipio VALUES(14123,'Zapotlán del Rey');
INSERT INTO municipio VALUES(14124,'Zapotlanejo');
INSERT INTO municipio VALUES(14125,'San Ignacio Cerro Gordo');
INSERT INTO municipio VALUES(15001,'Acambay de Ruíz Castañeda');
INSERT INTO municipio VALUES(15002,'Acolman');
INSERT INTO municipio VALUES(15003,'Aculco');
INSERT INTO municipio VALUES(15004,'Almoloya de Alquisiras');
INSERT INTO municipio VALUES(15005,'Almoloya de Juárez');
INSERT INTO municipio VALUES(15006,'Almoloya del Río');
INSERT INTO municipio VALUES(15007,'Amanalco');
INSERT INTO municipio VALUES(15008,'Amatepec');
INSERT INTO municipio VALUES(15009,'Amecameca');
INSERT INTO municipio VALUES(15010,'Apaxco');
INSERT INTO municipio VALUES(15011,'Atenco');
INSERT INTO municipio VALUES(15012,'Atizapán');
INSERT INTO municipio VALUES(15013,'Atizapán de Zaragoza');
INSERT INTO municipio VALUES(15014,'Atlacomulco');
INSERT INTO municipio VALUES(15015,'Atlautla');
INSERT INTO municipio VALUES(15016,'Axapusco');
INSERT INTO municipio VALUES(15017,'Ayapango');
INSERT INTO municipio VALUES(15018,'Calimaya');
INSERT INTO municipio VALUES(15019,'Capulhuac');
INSERT INTO municipio VALUES(15020,'Coacalco de Berriozábal');
INSERT INTO municipio VALUES(15021,'Coatepec Harinas');
INSERT INTO municipio VALUES(15022,'Cocotitlán');
INSERT INTO municipio VALUES(15023,'Coyotepec');
INSERT INTO municipio VALUES(15024,'Cuautitlán');
INSERT INTO municipio VALUES(15025,'Chalco');
INSERT INTO municipio VALUES(15026,'Chapa de Mota');
INSERT INTO municipio VALUES(15027,'Chapultepec');
INSERT INTO municipio VALUES(15028,'Chiautla');
INSERT INTO municipio VALUES(15029,'Chicoloapan');
INSERT INTO municipio VALUES(15030,'Chiconcuac');
INSERT INTO municipio VALUES(15031,'Chimalhuacán');
INSERT INTO municipio VALUES(15032,'Donato Guerra');
INSERT INTO municipio VALUES(15033,'Ecatepec de Morelos');
INSERT INTO municipio VALUES(15034,'Ecatzingo');
INSERT INTO municipio VALUES(15035,'Huehuetoca');
INSERT INTO municipio VALUES(15036,'Hueypoxtla');
INSERT INTO municipio VALUES(15037,'Huixquilucan');
INSERT INTO municipio VALUES(15038,'Isidro Fabela');
INSERT INTO municipio VALUES(15039,'Ixtapaluca');
INSERT INTO municipio VALUES(15040,'Ixtapan de la Sal');
INSERT INTO municipio VALUES(15041,'Ixtapan del Oro');
INSERT INTO municipio VALUES(15042,'Ixtlahuaca');
INSERT INTO municipio VALUES(15043,'Xalatlaco');
INSERT INTO municipio VALUES(15044,'Jaltenco');
INSERT INTO municipio VALUES(15045,'Jilotepec');
INSERT INTO municipio VALUES(15046,'Jilotzingo');
INSERT INTO municipio VALUES(15047,'Jiquipilco');
INSERT INTO municipio VALUES(15048,'Jocotitlán');
INSERT INTO municipio VALUES(15049,'Joquicingo');
INSERT INTO municipio VALUES(15050,'Juchitepec');
INSERT INTO municipio VALUES(15051,'Lerma');
INSERT INTO municipio VALUES(15052,'Malinalco');
INSERT INTO municipio VALUES(15053,'Melchor Ocampo');
INSERT INTO municipio VALUES(15054,'Metepec');
INSERT INTO municipio VALUES(15055,'Mexicaltzingo');
INSERT INTO municipio VALUES(15056,'Morelos');
INSERT INTO municipio VALUES(15057,'Naucalpan de Juárez');
INSERT INTO municipio VALUES(15058,'Nezahualcóyotl');
INSERT INTO municipio VALUES(15059,'Nextlalpan');
INSERT INTO municipio VALUES(15060,'Nicolás Romero');
INSERT INTO municipio VALUES(15061,'Nopaltepec');
INSERT INTO municipio VALUES(15062,'Ocoyoacac');
INSERT INTO municipio VALUES(15063,'Ocuilan');
INSERT INTO municipio VALUES(15064,'El Oro');
INSERT INTO municipio VALUES(15065,'Otumba');
INSERT INTO municipio VALUES(15066,'Otzoloapan');
INSERT INTO municipio VALUES(15067,'Otzolotepec');
INSERT INTO municipio VALUES(15068,'Ozumba');
INSERT INTO municipio VALUES(15069,'Papalotla');
INSERT INTO municipio VALUES(15070,'La Paz');
INSERT INTO municipio VALUES(15071,'Polotitlán');
INSERT INTO municipio VALUES(15072,'Rayón');
INSERT INTO municipio VALUES(15073,'San Antonio la Isla');
INSERT INTO municipio VALUES(15074,'San Felipe del Progreso');
INSERT INTO municipio VALUES(15075,'San Martín de las Pirámides');
INSERT INTO municipio VALUES(15076,'San Mateo Atenco');
INSERT INTO municipio VALUES(15077,'San Simón de Guerrero');
INSERT INTO municipio VALUES(15078,'Santo Tomás');
INSERT INTO municipio VALUES(15079,'Soyaniquilpan de Juárez');
INSERT INTO municipio VALUES(15080,'Sultepec');
INSERT INTO municipio VALUES(15081,'Tecámac');
INSERT INTO municipio VALUES(15082,'Tejupilco');
INSERT INTO municipio VALUES(15083,'Temamatla');
INSERT INTO municipio VALUES(15084,'Temascalapa');
INSERT INTO municipio VALUES(15085,'Temascalcingo');
INSERT INTO municipio VALUES(15086,'Temascaltepec');
INSERT INTO municipio VALUES(15087,'Temoaya');
INSERT INTO municipio VALUES(15088,'Tenancingo');
INSERT INTO municipio VALUES(15089,'Tenango del Aire');
INSERT INTO municipio VALUES(15090,'Tenango del Valle');
INSERT INTO municipio VALUES(15091,'Teoloyucan');
INSERT INTO municipio VALUES(15092,'Teotihuacán');
INSERT INTO municipio VALUES(15093,'Tepetlaoxtoc');
INSERT INTO municipio VALUES(15094,'Tepetlixpa');
INSERT INTO municipio VALUES(15095,'Tepotzotlán');
INSERT INTO municipio VALUES(15096,'Tequixquiac');
INSERT INTO municipio VALUES(15097,'Texcaltitlán');
INSERT INTO municipio VALUES(15098,'Texcalyacac');
INSERT INTO municipio VALUES(15099,'Texcoco');
INSERT INTO municipio VALUES(15100,'Tezoyuca');
INSERT INTO municipio VALUES(15101,'Tianguistenco');
INSERT INTO municipio VALUES(15102,'Timilpan');
INSERT INTO municipio VALUES(15103,'Tlalmanalco');
INSERT INTO municipio VALUES(15104,'Tlalnepantla de Baz');
INSERT INTO municipio VALUES(15105,'Tlatlaya');
INSERT INTO municipio VALUES(15106,'Toluca');
INSERT INTO municipio VALUES(15107,'Tonatico');
INSERT INTO municipio VALUES(15108,'Tultepec');
INSERT INTO municipio VALUES(15109,'Tultitlán');
INSERT INTO municipio VALUES(15110,'Valle de Bravo');
INSERT INTO municipio VALUES(15111,'Villa de Allende');
INSERT INTO municipio VALUES(15112,'Villa del Carbón');
INSERT INTO municipio VALUES(15113,'Villa Guerrero');
INSERT INTO municipio VALUES(15114,'Villa Victoria');
INSERT INTO municipio VALUES(15115,'Xonacatlán');
INSERT INTO municipio VALUES(15116,'Zacazonapan');
INSERT INTO municipio VALUES(15117,'Zacualpan');
INSERT INTO municipio VALUES(15118,'Zinacantepec');
INSERT INTO municipio VALUES(15119,'Zumpahuacán');
INSERT INTO municipio VALUES(15120,'Zumpango');
INSERT INTO municipio VALUES(15121,'Cuautitlán Izcalli');
INSERT INTO municipio VALUES(15122,'Valle de Chalco Solidaridad');
INSERT INTO municipio VALUES(15123,'Luvianos');
INSERT INTO municipio VALUES(15124,'San José del Rincón');
INSERT INTO municipio VALUES(15125,'Tonanitla');
INSERT INTO municipio VALUES(16001,'Acuitzio');
INSERT INTO municipio VALUES(16002,'Aguililla');
INSERT INTO municipio VALUES(16003,'Álvaro Obregón');
INSERT INTO municipio VALUES(16004,'Angamacutiro');
INSERT INTO municipio VALUES(16005,'Angangueo');
INSERT INTO municipio VALUES(16006,'Apatzingán');
INSERT INTO municipio VALUES(16007,'Aporo');
INSERT INTO municipio VALUES(16008,'Aquila');
INSERT INTO municipio VALUES(16009,'Ario');
INSERT INTO municipio VALUES(16010,'Arteaga');
INSERT INTO municipio VALUES(16011,'Briseñas');
INSERT INTO municipio VALUES(16012,'Buenavista');
INSERT INTO municipio VALUES(16013,'Carácuaro');
INSERT INTO municipio VALUES(16014,'Coahuayana');
INSERT INTO municipio VALUES(16015,'Coalcomán de Vázquez Pallares');
INSERT INTO municipio VALUES(16016,'Coeneo');
INSERT INTO municipio VALUES(16017,'Contepec');
INSERT INTO municipio VALUES(16018,'Copándaro');
INSERT INTO municipio VALUES(16019,'Cotija');
INSERT INTO municipio VALUES(16020,'Cuitzeo');
INSERT INTO municipio VALUES(16021,'Charapan');
INSERT INTO municipio VALUES(16022,'Charo');
INSERT INTO municipio VALUES(16023,'Chavinda');
INSERT INTO municipio VALUES(16024,'Cherán');
INSERT INTO municipio VALUES(16025,'Chilchota');
INSERT INTO municipio VALUES(16026,'Chinicuila');
INSERT INTO municipio VALUES(16027,'Chucándiro');
INSERT INTO municipio VALUES(16028,'Churintzio');
INSERT INTO municipio VALUES(16029,'Churumuco');
INSERT INTO municipio VALUES(16030,'Ecuandureo');
INSERT INTO municipio VALUES(16031,'Epitacio Huerta');
INSERT INTO municipio VALUES(16032,'Erongarícuaro');
INSERT INTO municipio VALUES(16033,'Gabriel Zamora');
INSERT INTO municipio VALUES(16034,'Hidalgo');
INSERT INTO municipio VALUES(16035,'La Huacana');
INSERT INTO municipio VALUES(16036,'Huandacareo');
INSERT INTO municipio VALUES(16037,'Huaniqueo');
INSERT INTO municipio VALUES(16038,'Huetamo');
INSERT INTO municipio VALUES(16039,'Huiramba');
INSERT INTO municipio VALUES(16040,'Indaparapeo');
INSERT INTO municipio VALUES(16041,'Irimbo');
INSERT INTO municipio VALUES(16042,'Ixtlán');
INSERT INTO municipio VALUES(16043,'Jacona');
INSERT INTO municipio VALUES(16044,'Jiménez');
INSERT INTO municipio VALUES(16045,'Jiquilpan');
INSERT INTO municipio VALUES(16046,'Juárez');
INSERT INTO municipio VALUES(16047,'Jungapeo');
INSERT INTO municipio VALUES(16048,'Lagunillas');
INSERT INTO municipio VALUES(16049,'Madero');
INSERT INTO municipio VALUES(16050,'Maravatío');
INSERT INTO municipio VALUES(16051,'Marcos Castellanos');
INSERT INTO municipio VALUES(16052,'Lázaro Cárdenas');
INSERT INTO municipio VALUES(16053,'Morelia');
INSERT INTO municipio VALUES(16054,'Morelos');
INSERT INTO municipio VALUES(16055,'Múgica');
INSERT INTO municipio VALUES(16056,'Nahuatzen');
INSERT INTO municipio VALUES(16057,'Nocupétaro');
INSERT INTO municipio VALUES(16058,'Nuevo Parangaricutiro');
INSERT INTO municipio VALUES(16059,'Nuevo Urecho');
INSERT INTO municipio VALUES(16060,'Numarán');
INSERT INTO municipio VALUES(16061,'Ocampo');
INSERT INTO municipio VALUES(16062,'Pajacuarán');
INSERT INTO municipio VALUES(16063,'Panindícuaro');
INSERT INTO municipio VALUES(16064,'Parácuaro');
INSERT INTO municipio VALUES(16065,'Paracho');
INSERT INTO municipio VALUES(16066,'Pátzcuaro');
INSERT INTO municipio VALUES(16067,'Penjamillo');
INSERT INTO municipio VALUES(16068,'Peribán');
INSERT INTO municipio VALUES(16069,'La Piedad');
INSERT INTO municipio VALUES(16070,'Purépero');
INSERT INTO municipio VALUES(16071,'Puruándiro');
INSERT INTO municipio VALUES(16072,'Queréndaro');
INSERT INTO municipio VALUES(16073,'Quiroga');
INSERT INTO municipio VALUES(16074,'Cojumatlán de Régules');
INSERT INTO municipio VALUES(16075,'Los Reyes');
INSERT INTO municipio VALUES(16076,'Sahuayo');
INSERT INTO municipio VALUES(16077,'San Lucas');
INSERT INTO municipio VALUES(16078,'Santa Ana Maya');
INSERT INTO municipio VALUES(16079,'Salvador Escalante');
INSERT INTO municipio VALUES(16080,'Senguio');
INSERT INTO municipio VALUES(16081,'Susupuato');
INSERT INTO municipio VALUES(16082,'Tacámbaro');
INSERT INTO municipio VALUES(16083,'Tancítaro');
INSERT INTO municipio VALUES(16084,'Tangamandapio');
INSERT INTO municipio VALUES(16085,'Tangancícuaro');
INSERT INTO municipio VALUES(16086,'Tanhuato');
INSERT INTO municipio VALUES(16087,'Taretan');
INSERT INTO municipio VALUES(16088,'Tarímbaro');
INSERT INTO municipio VALUES(16089,'Tepalcatepec');
INSERT INTO municipio VALUES(16090,'Tingambato');
INSERT INTO municipio VALUES(16091,'Tingüindín');
INSERT INTO municipio VALUES(16092,'Tiquicheo de Nicolás Romero');
INSERT INTO municipio VALUES(16093,'Tlalpujahua');
INSERT INTO municipio VALUES(16094,'Tlazazalca');
INSERT INTO municipio VALUES(16095,'Tocumbo');
INSERT INTO municipio VALUES(16096,'Tumbiscatío');
INSERT INTO municipio VALUES(16097,'Turicato');
INSERT INTO municipio VALUES(16098,'Tuxpan');
INSERT INTO municipio VALUES(16099,'Tuzantla');
INSERT INTO municipio VALUES(16100,'Tzintzuntzan');
INSERT INTO municipio VALUES(16101,'Tzitzio');
INSERT INTO municipio VALUES(16102,'Uruapan');
INSERT INTO municipio VALUES(16103,'Venustiano Carranza');
INSERT INTO municipio VALUES(16104,'Villamar');
INSERT INTO municipio VALUES(16105,'Vista Hermosa');
INSERT INTO municipio VALUES(16106,'Yurécuaro');
INSERT INTO municipio VALUES(16107,'Zacapu');
INSERT INTO municipio VALUES(16108,'Zamora');
INSERT INTO municipio VALUES(16109,'Zináparo');
INSERT INTO municipio VALUES(16110,'Zinapécuaro');
INSERT INTO municipio VALUES(16111,'Ziracuaretiro');
INSERT INTO municipio VALUES(16112,'Zitácuaro');
INSERT INTO municipio VALUES(16113,'José Sixto Verduzco');
INSERT INTO municipio VALUES(17001,'Amacuzac');
INSERT INTO municipio VALUES(17002,'Atlatlahucan');
INSERT INTO municipio VALUES(17003,'Axochiapan');
INSERT INTO municipio VALUES(17004,'Ayala');
INSERT INTO municipio VALUES(17005,'Coatlán del Río');
INSERT INTO municipio VALUES(17006,'Cuautla');
INSERT INTO municipio VALUES(17007,'Cuernavaca');
INSERT INTO municipio VALUES(17008,'Emiliano Zapata');
INSERT INTO municipio VALUES(17009,'Huitzilac');
INSERT INTO municipio VALUES(17010,'Jantetelco');
INSERT INTO municipio VALUES(17011,'Jiutepec');
INSERT INTO municipio VALUES(17012,'Jojutla');
INSERT INTO municipio VALUES(17013,'Jonacatepec');
INSERT INTO municipio VALUES(17014,'Mazatepec');
INSERT INTO municipio VALUES(17015,'Miacatlán');
INSERT INTO municipio VALUES(17016,'Ocuituco');
INSERT INTO municipio VALUES(17017,'Puente de Ixtla');
INSERT INTO municipio VALUES(17018,'Temixco');
INSERT INTO municipio VALUES(17019,'Tepalcingo');
INSERT INTO municipio VALUES(17020,'Tepoztlán');
INSERT INTO municipio VALUES(17021,'Tetecala');
INSERT INTO municipio VALUES(17022,'Tetela del Volcán');
INSERT INTO municipio VALUES(17023,'Tlalnepantla');
INSERT INTO municipio VALUES(17024,'Tlaltizapán de Zapata');
INSERT INTO municipio VALUES(17025,'Tlaquiltenango');
INSERT INTO municipio VALUES(17026,'Tlayacapan');
INSERT INTO municipio VALUES(17027,'Totolapan');
INSERT INTO municipio VALUES(17028,'Xochitepec');
INSERT INTO municipio VALUES(17029,'Yautepec');
INSERT INTO municipio VALUES(17030,'Yecapixtla');
INSERT INTO municipio VALUES(17031,'Zacatepec');
INSERT INTO municipio VALUES(17032,'Zacualpan');
INSERT INTO municipio VALUES(17033,'Temoac');
INSERT INTO municipio VALUES(18001,'Acaponeta');
INSERT INTO municipio VALUES(18002,'Ahuacatlán');
INSERT INTO municipio VALUES(18003,'Amatlán de Cañas');
INSERT INTO municipio VALUES(18004,'Compostela');
INSERT INTO municipio VALUES(18005,'Huajicori');
INSERT INTO municipio VALUES(18006,'Ixtlán del Río');
INSERT INTO municipio VALUES(18007,'Jala');
INSERT INTO municipio VALUES(18008,'Xalisco');
INSERT INTO municipio VALUES(18009,'Del Nayar');
INSERT INTO municipio VALUES(18010,'Rosamorada');
INSERT INTO municipio VALUES(18011,'Ruíz');
INSERT INTO municipio VALUES(18012,'San Blas');
INSERT INTO municipio VALUES(18013,'San Pedro Lagunillas');
INSERT INTO municipio VALUES(18014,'Santa María del Oro');
INSERT INTO municipio VALUES(18015,'Santiago Ixcuintla');
INSERT INTO municipio VALUES(18016,'Tecuala');
INSERT INTO municipio VALUES(18017,'Tepic');
INSERT INTO municipio VALUES(18018,'Tuxpan');
INSERT INTO municipio VALUES(18019,'La Yesca');
INSERT INTO municipio VALUES(18020,'Bahía de Banderas');
INSERT INTO municipio VALUES(19001,'Abasolo');
INSERT INTO municipio VALUES(19002,'Agualeguas');
INSERT INTO municipio VALUES(19003,'Los Aldamas');
INSERT INTO municipio VALUES(19004,'Allende');
INSERT INTO municipio VALUES(19005,'Anáhuac');
INSERT INTO municipio VALUES(19006,'Apodaca');
INSERT INTO municipio VALUES(19007,'Aramberri');
INSERT INTO municipio VALUES(19008,'Bustamante');
INSERT INTO municipio VALUES(19009,'Cadereyta Jiménez');
INSERT INTO municipio VALUES(19010,'El Carmen');
INSERT INTO municipio VALUES(19011,'Cerralvo');
INSERT INTO municipio VALUES(19012,'Ciénega de Flores');
INSERT INTO municipio VALUES(19013,'China');
INSERT INTO municipio VALUES(19014,'Doctor Arroyo');
INSERT INTO municipio VALUES(19015,'Doctor Coss');
INSERT INTO municipio VALUES(19016,'Doctor González');
INSERT INTO municipio VALUES(19017,'Galeana');
INSERT INTO municipio VALUES(19018,'García');
INSERT INTO municipio VALUES(19019,'San Pedro Garza García');
INSERT INTO municipio VALUES(19020,'General Bravo');
INSERT INTO municipio VALUES(19021,'General Escobedo');
INSERT INTO municipio VALUES(19022,'General Terán');
INSERT INTO municipio VALUES(19023,'General Treviño');
INSERT INTO municipio VALUES(19024,'General Zaragoza');
INSERT INTO municipio VALUES(19025,'General Zuazua');
INSERT INTO municipio VALUES(19026,'Guadalupe');
INSERT INTO municipio VALUES(19027,'Los Herreras');
INSERT INTO municipio VALUES(19028,'Higueras');
INSERT INTO municipio VALUES(19029,'Hualahuises');
INSERT INTO municipio VALUES(19030,'Iturbide');
INSERT INTO municipio VALUES(19031,'Juárez');
INSERT INTO municipio VALUES(19032,'Lampazos de Naranjo');
INSERT INTO municipio VALUES(19033,'Linares');
INSERT INTO municipio VALUES(19034,'Marín');
INSERT INTO municipio VALUES(19035,'Melchor Ocampo');
INSERT INTO municipio VALUES(19036,'Mier y Noriega');
INSERT INTO municipio VALUES(19037,'Mina');
INSERT INTO municipio VALUES(19038,'Montemorelos');
INSERT INTO municipio VALUES(19039,'Monterrey');
INSERT INTO municipio VALUES(19040,'Parás');
INSERT INTO municipio VALUES(19041,'Pesquería');
INSERT INTO municipio VALUES(19042,'Los Ramones');
INSERT INTO municipio VALUES(19043,'Rayones');
INSERT INTO municipio VALUES(19044,'Sabinas Hidalgo');
INSERT INTO municipio VALUES(19045,'Salinas Victoria');
INSERT INTO municipio VALUES(19046,'San Nicolás de los Garza');
INSERT INTO municipio VALUES(19047,'Hidalgo');
INSERT INTO municipio VALUES(19048,'Santa Catarina');
INSERT INTO municipio VALUES(19049,'Santiago');
INSERT INTO municipio VALUES(19050,'Vallecillo');
INSERT INTO municipio VALUES(19051,'Villaldama');
INSERT INTO municipio VALUES(20001,'Abejones');
INSERT INTO municipio VALUES(20002,'Acatlán de Pérez Figueroa');
INSERT INTO municipio VALUES(20003,'Asunción Cacalotepec');
INSERT INTO municipio VALUES(20004,'Asunción Cuyotepeji');
INSERT INTO municipio VALUES(20005,'Asunción Ixtaltepec');
INSERT INTO municipio VALUES(20006,'Asunción Nochixtlán');
INSERT INTO municipio VALUES(20007,'Asunción Ocotlán');
INSERT INTO municipio VALUES(20008,'Asunción Tlacolulita');
INSERT INTO municipio VALUES(20009,'Ayotzintepec');
INSERT INTO municipio VALUES(20010,'El Barrio de la Soledad');
INSERT INTO municipio VALUES(20011,'Calihualá');
INSERT INTO municipio VALUES(20012,'Candelaria Loxicha');
INSERT INTO municipio VALUES(20013,'Ciénega de Zimatlán');
INSERT INTO municipio VALUES(20014,'Ciudad Ixtepec');
INSERT INTO municipio VALUES(20015,'Coatecas Altas');
INSERT INTO municipio VALUES(20016,'Coicoyán de las Flores');
INSERT INTO municipio VALUES(20017,'La Compañía');
INSERT INTO municipio VALUES(20018,'Concepción Buenavista');
INSERT INTO municipio VALUES(20019,'Concepción Pápalo');
INSERT INTO municipio VALUES(20020,'Constancia del Rosario');
INSERT INTO municipio VALUES(20021,'Cosolapa');
INSERT INTO municipio VALUES(20022,'Cosoltepec');
INSERT INTO municipio VALUES(20023,'Cuilápam de Guerrero');
INSERT INTO municipio VALUES(20024,'Cuyamecalco Villa de Zaragoza');
INSERT INTO municipio VALUES(20025,'Chahuites');
INSERT INTO municipio VALUES(20026,'Chalcatongo de Hidalgo');
INSERT INTO municipio VALUES(20027,'Chiquihuitlán de Benito Juárez');
INSERT INTO municipio VALUES(20028,'Heroica Ciudad de Ejutla de Crespo');
INSERT INTO municipio VALUES(20029,'Eloxochitlán de Flores Magón');
INSERT INTO municipio VALUES(20030,'El Espinal');
INSERT INTO municipio VALUES(20031,'Tamazulápam del Espíritu Santo');
INSERT INTO municipio VALUES(20032,'Fresnillo de Trujano');
INSERT INTO municipio VALUES(20033,'Guadalupe Etla');
INSERT INTO municipio VALUES(20034,'Guadalupe de Ramírez');
INSERT INTO municipio VALUES(20035,'Guelatao de Juárez');
INSERT INTO municipio VALUES(20036,'Guevea de Humboldt');
INSERT INTO municipio VALUES(20037,'Mesones Hidalgo');
INSERT INTO municipio VALUES(20038,'Villa Hidalgo');
INSERT INTO municipio VALUES(20039,'Heroica Ciudad de Huajuapan de León');
INSERT INTO municipio VALUES(20040,'Huautepec');
INSERT INTO municipio VALUES(20041,'Huautla de Jiménez');
INSERT INTO municipio VALUES(20042,'Ixtlán de Juárez');
INSERT INTO municipio VALUES(20043,'Heroica Ciudad de Juchitán de Zaragoza');
INSERT INTO municipio VALUES(20044,'Loma Bonita');
INSERT INTO municipio VALUES(20045,'Magdalena Apasco');
INSERT INTO municipio VALUES(20046,'Magdalena Jaltepec');
INSERT INTO municipio VALUES(20047,'Santa Magdalena Jicotlán');
INSERT INTO municipio VALUES(20048,'Magdalena Mixtepec');
INSERT INTO municipio VALUES(20049,'Magdalena Ocotlán');
INSERT INTO municipio VALUES(20050,'Magdalena Peñasco');
INSERT INTO municipio VALUES(20051,'Magdalena Teitipac');
INSERT INTO municipio VALUES(20052,'Magdalena Tequisistlán');
INSERT INTO municipio VALUES(20053,'Magdalena Tlacotepec');
INSERT INTO municipio VALUES(20054,'Magdalena Zahuatlán');
INSERT INTO municipio VALUES(20055,'Mariscala de Juárez');
INSERT INTO municipio VALUES(20056,'Mártires de Tacubaya');
INSERT INTO municipio VALUES(20057,'Matías Romero Avendaño');
INSERT INTO municipio VALUES(20058,'Mazatlán Villa de Flores');
INSERT INTO municipio VALUES(20059,'Miahuatlán de Porfirio Díaz');
INSERT INTO municipio VALUES(20060,'Mixistlán de la Reforma');
INSERT INTO municipio VALUES(20061,'Monjas');
INSERT INTO municipio VALUES(20062,'Natividad');
INSERT INTO municipio VALUES(20063,'Nazareno Etla');
INSERT INTO municipio VALUES(20064,'Nejapa de Madero');
INSERT INTO municipio VALUES(20065,'Ixpantepec Nieves');
INSERT INTO municipio VALUES(20066,'Santiago Niltepec');
INSERT INTO municipio VALUES(20067,'Oaxaca de Juárez');
INSERT INTO municipio VALUES(20068,'Ocotlán de Morelos');
INSERT INTO municipio VALUES(20069,'La Pe');
INSERT INTO municipio VALUES(20070,'Pinotepa de Don Luis');
INSERT INTO municipio VALUES(20071,'Pluma Hidalgo');
INSERT INTO municipio VALUES(20072,'San José del Progreso');
INSERT INTO municipio VALUES(20073,'Putla Villa de Guerrero');
INSERT INTO municipio VALUES(20074,'Santa Catarina Quioquitani');
INSERT INTO municipio VALUES(20075,'Reforma de Pineda');
INSERT INTO municipio VALUES(20076,'La Reforma');
INSERT INTO municipio VALUES(20077,'Reyes Etla');
INSERT INTO municipio VALUES(20078,'Rojas de Cuauhtémoc');
INSERT INTO municipio VALUES(20079,'Salina Cruz');
INSERT INTO municipio VALUES(20080,'San Agustín Amatengo');
INSERT INTO municipio VALUES(20081,'San Agustín Atenango');
INSERT INTO municipio VALUES(20082,'San Agustín Chayuco');
INSERT INTO municipio VALUES(20083,'San Agustín de las Juntas');
INSERT INTO municipio VALUES(20084,'San Agustín Etla');
INSERT INTO municipio VALUES(20085,'San Agustín Loxicha');
INSERT INTO municipio VALUES(20086,'San Agustín Tlacotepec');
INSERT INTO municipio VALUES(20087,'San Agustín Yatareni');
INSERT INTO municipio VALUES(20088,'San Andrés Cabecera Nueva');
INSERT INTO municipio VALUES(20089,'San Andrés Dinicuiti');
INSERT INTO municipio VALUES(20090,'San Andrés Huaxpaltepec');
INSERT INTO municipio VALUES(20091,'San Andrés Huayápam');
INSERT INTO municipio VALUES(20092,'San Andrés Ixtlahuaca');
INSERT INTO municipio VALUES(20093,'San Andrés Lagunas');
INSERT INTO municipio VALUES(20094,'San Andrés Nuxiño');
INSERT INTO municipio VALUES(20095,'San Andrés Paxtlán');
INSERT INTO municipio VALUES(20096,'San Andrés Sinaxtla');
INSERT INTO municipio VALUES(20097,'San Andrés Solaga');
INSERT INTO municipio VALUES(20098,'San Andrés Teotilálpam');
INSERT INTO municipio VALUES(20099,'San Andrés Tepetlapa');
INSERT INTO municipio VALUES(20100,'San Andrés Yaá');
INSERT INTO municipio VALUES(20101,'San Andrés Zabache');
INSERT INTO municipio VALUES(20102,'San Andrés Zautla');
INSERT INTO municipio VALUES(20103,'San Antonino Castillo Velasco');
INSERT INTO municipio VALUES(20104,'San Antonino el Alto');
INSERT INTO municipio VALUES(20105,'San Antonino Monte Verde');
INSERT INTO municipio VALUES(20106,'San Antonio Acutla');
INSERT INTO municipio VALUES(20107,'San Antonio de la Cal');
INSERT INTO municipio VALUES(20108,'San Antonio Huitepec');
INSERT INTO municipio VALUES(20109,'San Antonio Nanahuatípam');
INSERT INTO municipio VALUES(20110,'San Antonio Sinicahua');
INSERT INTO municipio VALUES(20111,'San Antonio Tepetlapa');
INSERT INTO municipio VALUES(20112,'San Baltazar Chichicápam');
INSERT INTO municipio VALUES(20113,'San Baltazar Loxicha');
INSERT INTO municipio VALUES(20114,'San Baltazar Yatzachi el Bajo');
INSERT INTO municipio VALUES(20115,'San Bartolo Coyotepec');
INSERT INTO municipio VALUES(20116,'San Bartolomé Ayautla');
INSERT INTO municipio VALUES(20117,'San Bartolomé Loxicha');
INSERT INTO municipio VALUES(20118,'San Bartolomé Quialana');
INSERT INTO municipio VALUES(20119,'San Bartolomé Yucuañe');
INSERT INTO municipio VALUES(20120,'San Bartolomé Zoogocho');
INSERT INTO municipio VALUES(20121,'San Bartolo Soyaltepec');
INSERT INTO municipio VALUES(20122,'San Bartolo Yautepec');
INSERT INTO municipio VALUES(20123,'San Bernardo Mixtepec');
INSERT INTO municipio VALUES(20124,'San Blas Atempa');
INSERT INTO municipio VALUES(20125,'San Carlos Yautepec');
INSERT INTO municipio VALUES(20126,'San Cristóbal Amatlán');
INSERT INTO municipio VALUES(20127,'San Cristóbal Amoltepec');
INSERT INTO municipio VALUES(20128,'San Cristóbal Lachirioag');
INSERT INTO municipio VALUES(20129,'San Cristóbal Suchixtlahuaca');
INSERT INTO municipio VALUES(20130,'San Dionisio del Mar');
INSERT INTO municipio VALUES(20131,'San Dionisio Ocotepec');
INSERT INTO municipio VALUES(20132,'San Dionisio Ocotlán');
INSERT INTO municipio VALUES(20133,'San Esteban Atatlahuca');
INSERT INTO municipio VALUES(20134,'San Felipe Jalapa de Díaz');
INSERT INTO municipio VALUES(20135,'San Felipe Tejalápam');
INSERT INTO municipio VALUES(20136,'San Felipe Usila');
INSERT INTO municipio VALUES(20137,'San Francisco Cahuacuá');
INSERT INTO municipio VALUES(20138,'San Francisco Cajonos');
INSERT INTO municipio VALUES(20139,'San Francisco Chapulapa');
INSERT INTO municipio VALUES(20140,'San Francisco Chindúa');
INSERT INTO municipio VALUES(20141,'San Francisco del Mar');
INSERT INTO municipio VALUES(20142,'San Francisco Huehuetlán');
INSERT INTO municipio VALUES(20143,'San Francisco Ixhuatán');
INSERT INTO municipio VALUES(20144,'San Francisco Jaltepetongo');
INSERT INTO municipio VALUES(20145,'San Francisco Lachigoló');
INSERT INTO municipio VALUES(20146,'San Francisco Logueche');
INSERT INTO municipio VALUES(20147,'San Francisco Nuxaño');
INSERT INTO municipio VALUES(20148,'San Francisco Ozolotepec');
INSERT INTO municipio VALUES(20149,'San Francisco Sola');
INSERT INTO municipio VALUES(20150,'San Francisco Telixtlahuaca');
INSERT INTO municipio VALUES(20151,'San Francisco Teopan');
INSERT INTO municipio VALUES(20152,'San Francisco Tlapancingo');
INSERT INTO municipio VALUES(20153,'San Gabriel Mixtepec');
INSERT INTO municipio VALUES(20154,'San Ildefonso Amatlán');
INSERT INTO municipio VALUES(20155,'San Ildefonso Sola');
INSERT INTO municipio VALUES(20156,'San Ildefonso Villa Alta');
INSERT INTO municipio VALUES(20157,'San Jacinto Amilpas');
INSERT INTO municipio VALUES(20158,'San Jacinto Tlacotepec');
INSERT INTO municipio VALUES(20159,'San Jerónimo Coatlán');
INSERT INTO municipio VALUES(20160,'San Jerónimo Silacayoapilla');
INSERT INTO municipio VALUES(20161,'San Jerónimo Sosola');
INSERT INTO municipio VALUES(20162,'San Jerónimo Taviche');
INSERT INTO municipio VALUES(20163,'San Jerónimo Tecóatl');
INSERT INTO municipio VALUES(20164,'San Jorge Nuchita');
INSERT INTO municipio VALUES(20165,'San José Ayuquila');
INSERT INTO municipio VALUES(20166,'San José Chiltepec');
INSERT INTO municipio VALUES(20167,'San José del Peñasco');
INSERT INTO municipio VALUES(20168,'San José Estancia Grande');
INSERT INTO municipio VALUES(20169,'San José Independencia');
INSERT INTO municipio VALUES(20170,'San José Lachiguiri');
INSERT INTO municipio VALUES(20171,'San José Tenango');
INSERT INTO municipio VALUES(20172,'San Juan Achiutla');
INSERT INTO municipio VALUES(20173,'San Juan Atepec');
INSERT INTO municipio VALUES(20174,'Ánimas Trujano');
INSERT INTO municipio VALUES(20175,'San Juan Bautista Atatlahuca');
INSERT INTO municipio VALUES(20176,'San Juan Bautista Coixtlahuaca');
INSERT INTO municipio VALUES(20177,'San Juan Bautista Cuicatlán');
INSERT INTO municipio VALUES(20178,'San Juan Bautista Guelache');
INSERT INTO municipio VALUES(20179,'San Juan Bautista Jayacatlán');
INSERT INTO municipio VALUES(20180,'San Juan Bautista Lo de Soto');
INSERT INTO municipio VALUES(20181,'San Juan Bautista Suchitepec');
INSERT INTO municipio VALUES(20182,'San Juan Bautista Tlacoatzintepec');
INSERT INTO municipio VALUES(20183,'San Juan Bautista Tlachichilco');
INSERT INTO municipio VALUES(20184,'San Juan Bautista Tuxtepec');
INSERT INTO municipio VALUES(20185,'San Juan Cacahuatepec');
INSERT INTO municipio VALUES(20186,'San Juan Cieneguilla');
INSERT INTO municipio VALUES(20187,'San Juan Coatzóspam');
INSERT INTO municipio VALUES(20188,'San Juan Colorado');
INSERT INTO municipio VALUES(20189,'San Juan Comaltepec');
INSERT INTO municipio VALUES(20190,'San Juan Cotzocón');
INSERT INTO municipio VALUES(20191,'San Juan Chicomezúchil');
INSERT INTO municipio VALUES(20192,'San Juan Chilateca');
INSERT INTO municipio VALUES(20193,'San Juan del entidad');
INSERT INTO municipio VALUES(20194,'San Juan del Río');
INSERT INTO municipio VALUES(20195,'San Juan Diuxi');
INSERT INTO municipio VALUES(20196,'San Juan Evangelista Analco');
INSERT INTO municipio VALUES(20197,'San Juan Guelavía');
INSERT INTO municipio VALUES(20198,'San Juan Guichicovi');
INSERT INTO municipio VALUES(20199,'San Juan Ihualtepec');
INSERT INTO municipio VALUES(20200,'San Juan Juquila Mixes');
INSERT INTO municipio VALUES(20201,'San Juan Juquila Vijanos');
INSERT INTO municipio VALUES(20202,'San Juan Lachao');
INSERT INTO municipio VALUES(20203,'San Juan Lachigalla');
INSERT INTO municipio VALUES(20204,'San Juan Lajarcia');
INSERT INTO municipio VALUES(20205,'San Juan Lalana');
INSERT INTO municipio VALUES(20206,'San Juan de los Cués');
INSERT INTO municipio VALUES(20207,'San Juan Mazatlán');
INSERT INTO municipio VALUES(20208,'San Juan Mixtepec -Dto. 08 -');
INSERT INTO municipio VALUES(20209,'San Juan Mixtepec -Dto. 26 -');
INSERT INTO municipio VALUES(20210,'San Juan Ñumí');
INSERT INTO municipio VALUES(20211,'San Juan Ozolotepec');
INSERT INTO municipio VALUES(20212,'San Juan Petlapa');
INSERT INTO municipio VALUES(20213,'San Juan Quiahije');
INSERT INTO municipio VALUES(20214,'San Juan Quiotepec');
INSERT INTO municipio VALUES(20215,'San Juan Sayultepec');
INSERT INTO municipio VALUES(20216,'San Juan Tabaá');
INSERT INTO municipio VALUES(20217,'San Juan Tamazola');
INSERT INTO municipio VALUES(20218,'San Juan Teita');
INSERT INTO municipio VALUES(20219,'San Juan Teitipac');
INSERT INTO municipio VALUES(20220,'San Juan Tepeuxila');
INSERT INTO municipio VALUES(20221,'San Juan Teposcolula');
INSERT INTO municipio VALUES(20222,'San Juan Yaeé');
INSERT INTO municipio VALUES(20223,'San Juan Yatzona');
INSERT INTO municipio VALUES(20224,'San Juan Yucuita');
INSERT INTO municipio VALUES(20225,'San Lorenzo');
INSERT INTO municipio VALUES(20226,'San Lorenzo Albarradas');
INSERT INTO municipio VALUES(20227,'San Lorenzo Cacaotepec');
INSERT INTO municipio VALUES(20228,'San Lorenzo Cuaunecuiltitla');
INSERT INTO municipio VALUES(20229,'San Lorenzo Texmelúcan');
INSERT INTO municipio VALUES(20230,'San Lorenzo Victoria');
INSERT INTO municipio VALUES(20231,'San Lucas Camotlán');
INSERT INTO municipio VALUES(20232,'San Lucas Ojitlán');
INSERT INTO municipio VALUES(20233,'San Lucas Quiaviní');
INSERT INTO municipio VALUES(20234,'San Lucas Zoquiápam');
INSERT INTO municipio VALUES(20235,'San Luis Amatlán');
INSERT INTO municipio VALUES(20236,'San Marcial Ozolotepec');
INSERT INTO municipio VALUES(20237,'San Marcos Arteaga');
INSERT INTO municipio VALUES(20238,'San Martín de los Cansecos');
INSERT INTO municipio VALUES(20239,'San Martín Huamelúlpam');
INSERT INTO municipio VALUES(20240,'San Martín Itunyoso');
INSERT INTO municipio VALUES(20241,'San Martín Lachilá');
INSERT INTO municipio VALUES(20242,'San Martín Peras');
INSERT INTO municipio VALUES(20243,'San Martín Tilcajete');
INSERT INTO municipio VALUES(20244,'San Martín Toxpalan');
INSERT INTO municipio VALUES(20245,'San Martín Zacatepec');
INSERT INTO municipio VALUES(20246,'San Mateo Cajonos');
INSERT INTO municipio VALUES(20247,'Capulálpam de Méndez');
INSERT INTO municipio VALUES(20248,'San Mateo del Mar');
INSERT INTO municipio VALUES(20249,'San Mateo Yoloxochitlán');
INSERT INTO municipio VALUES(20250,'San Mateo Etlatongo');
INSERT INTO municipio VALUES(20251,'San Mateo Nejápam');
INSERT INTO municipio VALUES(20252,'San Mateo Peñasco');
INSERT INTO municipio VALUES(20253,'San Mateo Piñas');
INSERT INTO municipio VALUES(20254,'San Mateo Río Hondo');
INSERT INTO municipio VALUES(20255,'San Mateo Sindihui');
INSERT INTO municipio VALUES(20256,'San Mateo Tlapiltepec');
INSERT INTO municipio VALUES(20257,'San Melchor Betaza');
INSERT INTO municipio VALUES(20258,'San Miguel Achiutla');
INSERT INTO municipio VALUES(20259,'San Miguel Ahuehuetitlán');
INSERT INTO municipio VALUES(20260,'San Miguel Aloápam');
INSERT INTO municipio VALUES(20261,'San Miguel Amatitlán');
INSERT INTO municipio VALUES(20262,'San Miguel Amatlán');
INSERT INTO municipio VALUES(20263,'San Miguel Coatlán');
INSERT INTO municipio VALUES(20264,'San Miguel Chicahua');
INSERT INTO municipio VALUES(20265,'San Miguel Chimalapa');
INSERT INTO municipio VALUES(20266,'San Miguel del Puerto');
INSERT INTO municipio VALUES(20267,'San Miguel del Río');
INSERT INTO municipio VALUES(20268,'San Miguel Ejutla');
INSERT INTO municipio VALUES(20269,'San Miguel el Grande');
INSERT INTO municipio VALUES(20270,'San Miguel Huautla');
INSERT INTO municipio VALUES(20271,'San Miguel Mixtepec');
INSERT INTO municipio VALUES(20272,'San Miguel Panixtlahuaca');
INSERT INTO municipio VALUES(20273,'San Miguel Peras');
INSERT INTO municipio VALUES(20274,'San Miguel Piedras');
INSERT INTO municipio VALUES(20275,'San Miguel Quetzaltepec');
INSERT INTO municipio VALUES(20276,'San Miguel Santa Flor');
INSERT INTO municipio VALUES(20277,'Villa Sola de Vega');
INSERT INTO municipio VALUES(20278,'San Miguel Soyaltepec');
INSERT INTO municipio VALUES(20279,'San Miguel Suchixtepec');
INSERT INTO municipio VALUES(20280,'Villa Talea de Castro');
INSERT INTO municipio VALUES(20281,'San Miguel Tecomatlán');
INSERT INTO municipio VALUES(20282,'San Miguel Tenango');
INSERT INTO municipio VALUES(20283,'San Miguel Tequixtepec');
INSERT INTO municipio VALUES(20284,'San Miguel Tilquiápam');
INSERT INTO municipio VALUES(20285,'San Miguel Tlacamama');
INSERT INTO municipio VALUES(20286,'San Miguel Tlacotepec');
INSERT INTO municipio VALUES(20287,'San Miguel Tulancingo');
INSERT INTO municipio VALUES(20288,'San Miguel Yotao');
INSERT INTO municipio VALUES(20289,'San Nicolás');
INSERT INTO municipio VALUES(20290,'San Nicolás Hidalgo');
INSERT INTO municipio VALUES(20291,'San Pablo Coatlán');
INSERT INTO municipio VALUES(20292,'San Pablo Cuatro Venados');
INSERT INTO municipio VALUES(20293,'San Pablo Etla');
INSERT INTO municipio VALUES(20294,'San Pablo Huitzo');
INSERT INTO municipio VALUES(20295,'San Pablo Huixtepec');
INSERT INTO municipio VALUES(20296,'San Pablo Macuiltianguis');
INSERT INTO municipio VALUES(20297,'San Pablo Tijaltepec');
INSERT INTO municipio VALUES(20298,'San Pablo Villa de Mitla');
INSERT INTO municipio VALUES(20299,'San Pablo Yaganiza');
INSERT INTO municipio VALUES(20300,'San Pedro Amuzgos');
INSERT INTO municipio VALUES(20301,'San Pedro Apóstol');
INSERT INTO municipio VALUES(20302,'San Pedro Atoyac');
INSERT INTO municipio VALUES(20303,'San Pedro Cajonos');
INSERT INTO municipio VALUES(20304,'San Pedro Coxcaltepec Cántaros');
INSERT INTO municipio VALUES(20305,'San Pedro Comitancillo');
INSERT INTO municipio VALUES(20306,'San Pedro el Alto');
INSERT INTO municipio VALUES(20307,'San Pedro Huamelula');
INSERT INTO municipio VALUES(20308,'San Pedro Huilotepec');
INSERT INTO municipio VALUES(20309,'San Pedro Ixcatlán');
INSERT INTO municipio VALUES(20310,'San Pedro Ixtlahuaca');
INSERT INTO municipio VALUES(20311,'San Pedro Jaltepetongo');
INSERT INTO municipio VALUES(20312,'San Pedro Jicayán');
INSERT INTO municipio VALUES(20313,'San Pedro Jocotipac');
INSERT INTO municipio VALUES(20314,'San Pedro Juchatengo');
INSERT INTO municipio VALUES(20315,'San Pedro Mártir');
INSERT INTO municipio VALUES(20316,'San Pedro Mártir Quiechapa');
INSERT INTO municipio VALUES(20317,'San Pedro Mártir Yucuxaco');
INSERT INTO municipio VALUES(20318,'San Pedro Mixtepec -Dto. 22 -');
INSERT INTO municipio VALUES(20319,'San Pedro Mixtepec -Dto. 26 -');
INSERT INTO municipio VALUES(20320,'San Pedro Molinos');
INSERT INTO municipio VALUES(20321,'San Pedro Nopala');
INSERT INTO municipio VALUES(20322,'San Pedro Ocopetatillo');
INSERT INTO municipio VALUES(20323,'San Pedro Ocotepec');
INSERT INTO municipio VALUES(20324,'San Pedro Pochutla');
INSERT INTO municipio VALUES(20325,'San Pedro Quiatoni');
INSERT INTO municipio VALUES(20326,'San Pedro Sochiápam');
INSERT INTO municipio VALUES(20327,'San Pedro Tapanatepec');
INSERT INTO municipio VALUES(20328,'San Pedro Taviche');
INSERT INTO municipio VALUES(20329,'San Pedro Teozacoalco');
INSERT INTO municipio VALUES(20330,'San Pedro Teutila');
INSERT INTO municipio VALUES(20331,'San Pedro Tidaá');
INSERT INTO municipio VALUES(20332,'San Pedro Topiltepec');
INSERT INTO municipio VALUES(20333,'San Pedro Totolápam');
INSERT INTO municipio VALUES(20334,'Villa de Tututepec de Melchor Ocampo');
INSERT INTO municipio VALUES(20335,'San Pedro Yaneri');
INSERT INTO municipio VALUES(20336,'San Pedro Yólox');
INSERT INTO municipio VALUES(20337,'San Pedro y San Pablo Ayutla');
INSERT INTO municipio VALUES(20338,'Villa de Etla');
INSERT INTO municipio VALUES(20339,'San Pedro y San Pablo Teposcolula');
INSERT INTO municipio VALUES(20340,'San Pedro y San Pablo Tequixtepec');
INSERT INTO municipio VALUES(20341,'San Pedro Yucunama');
INSERT INTO municipio VALUES(20342,'San Raymundo Jalpan');
INSERT INTO municipio VALUES(20343,'San Sebastián Abasolo');
INSERT INTO municipio VALUES(20344,'San Sebastián Coatlán');
INSERT INTO municipio VALUES(20345,'San Sebastián Ixcapa');
INSERT INTO municipio VALUES(20346,'San Sebastián Nicananduta');
INSERT INTO municipio VALUES(20347,'San Sebastián Río Hondo');
INSERT INTO municipio VALUES(20348,'San Sebastián Tecomaxtlahuaca');
INSERT INTO municipio VALUES(20349,'San Sebastián Teitipac');
INSERT INTO municipio VALUES(20350,'San Sebastián Tutla');
INSERT INTO municipio VALUES(20351,'San Simón Almolongas');
INSERT INTO municipio VALUES(20352,'San Simón Zahuatlán');
INSERT INTO municipio VALUES(20353,'Santa Ana');
INSERT INTO municipio VALUES(20354,'Santa Ana Ateixtlahuaca');
INSERT INTO municipio VALUES(20355,'Santa Ana Cuauhtémoc');
INSERT INTO municipio VALUES(20356,'Santa Ana del Valle');
INSERT INTO municipio VALUES(20357,'Santa Ana Tavela');
INSERT INTO municipio VALUES(20358,'Santa Ana Tlapacoyan');
INSERT INTO municipio VALUES(20359,'Santa Ana Yareni');
INSERT INTO municipio VALUES(20360,'Santa Ana Zegache');
INSERT INTO municipio VALUES(20361,'Santa Catalina Quierí');
INSERT INTO municipio VALUES(20362,'Santa Catarina Cuixtla');
INSERT INTO municipio VALUES(20363,'Santa Catarina Ixtepeji');
INSERT INTO municipio VALUES(20364,'Santa Catarina Juquila');
INSERT INTO municipio VALUES(20365,'Santa Catarina Lachatao');
INSERT INTO municipio VALUES(20366,'Santa Catarina Loxicha');
INSERT INTO municipio VALUES(20367,'Santa Catarina Mechoacán');
INSERT INTO municipio VALUES(20368,'Santa Catarina Minas');
INSERT INTO municipio VALUES(20369,'Santa Catarina Quiané');
INSERT INTO municipio VALUES(20370,'Santa Catarina Tayata');
INSERT INTO municipio VALUES(20371,'Santa Catarina Ticuá');
INSERT INTO municipio VALUES(20372,'Santa Catarina Yosonotú');
INSERT INTO municipio VALUES(20373,'Santa Catarina Zapoquila');
INSERT INTO municipio VALUES(20374,'Santa Cruz Acatepec');
INSERT INTO municipio VALUES(20375,'Santa Cruz Amilpas');
INSERT INTO municipio VALUES(20376,'Santa Cruz de Bravo');
INSERT INTO municipio VALUES(20377,'Santa Cruz Itundujia');
INSERT INTO municipio VALUES(20378,'Santa Cruz Mixtepec');
INSERT INTO municipio VALUES(20379,'Santa Cruz Nundaco');
INSERT INTO municipio VALUES(20380,'Santa Cruz Papalutla');
INSERT INTO municipio VALUES(20381,'Santa Cruz Tacache de Mina');
INSERT INTO municipio VALUES(20382,'Santa Cruz Tacahua');
INSERT INTO municipio VALUES(20383,'Santa Cruz Tayata');
INSERT INTO municipio VALUES(20384,'Santa Cruz Xitla');
INSERT INTO municipio VALUES(20385,'Santa Cruz Xoxocotlán');
INSERT INTO municipio VALUES(20386,'Santa Cruz Zenzontepec');
INSERT INTO municipio VALUES(20387,'Santa Gertrudis');
INSERT INTO municipio VALUES(20388,'Santa Inés del Monte');
INSERT INTO municipio VALUES(20389,'Santa Inés Yatzeche');
INSERT INTO municipio VALUES(20390,'Santa Lucía del Camino');
INSERT INTO municipio VALUES(20391,'Santa Lucía Miahuatlán');
INSERT INTO municipio VALUES(20392,'Santa Lucía Monteverde');
INSERT INTO municipio VALUES(20393,'Santa Lucía Ocotlán');
INSERT INTO municipio VALUES(20394,'Santa María Alotepec');
INSERT INTO municipio VALUES(20395,'Santa María Apazco');
INSERT INTO municipio VALUES(20396,'Santa María la Asunción');
INSERT INTO municipio VALUES(20397,'Heroica Ciudad de Tlaxiaco');
INSERT INTO municipio VALUES(20398,'Ayoquezco de Aldama');
INSERT INTO municipio VALUES(20399,'Santa María Atzompa');
INSERT INTO municipio VALUES(20400,'Santa María Camotlán');
INSERT INTO municipio VALUES(20401,'Santa María Colotepec');
INSERT INTO municipio VALUES(20402,'Santa María Cortijo');
INSERT INTO municipio VALUES(20403,'Santa María Coyotepec');
INSERT INTO municipio VALUES(20404,'Santa María Chachoápam');
INSERT INTO municipio VALUES(20405,'Villa de Chilapa de Díaz');
INSERT INTO municipio VALUES(20406,'Santa María Chilchotla');
INSERT INTO municipio VALUES(20407,'Santa María Chimalapa');
INSERT INTO municipio VALUES(20408,'Santa María del Rosario');
INSERT INTO municipio VALUES(20409,'Santa María del Tule');
INSERT INTO municipio VALUES(20410,'Santa María Ecatepec');
INSERT INTO municipio VALUES(20411,'Santa María Guelacé');
INSERT INTO municipio VALUES(20412,'Santa María Guienagati');
INSERT INTO municipio VALUES(20413,'Santa María Huatulco');
INSERT INTO municipio VALUES(20414,'Santa María Huazolotitlán');
INSERT INTO municipio VALUES(20415,'Santa María Ipalapa');
INSERT INTO municipio VALUES(20416,'Santa María Ixcatlán');
INSERT INTO municipio VALUES(20417,'Santa María Jacatepec');
INSERT INTO municipio VALUES(20418,'Santa María Jalapa del Marqués');
INSERT INTO municipio VALUES(20419,'Santa María Jaltianguis');
INSERT INTO municipio VALUES(20420,'Santa María Lachixío');
INSERT INTO municipio VALUES(20421,'Santa María Mixtequilla');
INSERT INTO municipio VALUES(20422,'Santa María Nativitas');
INSERT INTO municipio VALUES(20423,'Santa María Nduayaco');
INSERT INTO municipio VALUES(20424,'Santa María Ozolotepec');
INSERT INTO municipio VALUES(20425,'Santa María Pápalo');
INSERT INTO municipio VALUES(20426,'Santa María Peñoles');
INSERT INTO municipio VALUES(20427,'Santa María Petapa');
INSERT INTO municipio VALUES(20428,'Santa María Quiegolani');
INSERT INTO municipio VALUES(20429,'Santa María Sola');
INSERT INTO municipio VALUES(20430,'Santa María Tataltepec');
INSERT INTO municipio VALUES(20431,'Santa María Tecomavaca');
INSERT INTO municipio VALUES(20432,'Santa María Temaxcalapa');
INSERT INTO municipio VALUES(20433,'Santa María Temaxcaltepec');
INSERT INTO municipio VALUES(20434,'Santa María Teopoxco');
INSERT INTO municipio VALUES(20435,'Santa María Tepantlali');
INSERT INTO municipio VALUES(20436,'Santa María Texcatitlán');
INSERT INTO municipio VALUES(20437,'Santa María Tlahuitoltepec');
INSERT INTO municipio VALUES(20438,'Santa María Tlalixtac');
INSERT INTO municipio VALUES(20439,'Santa María Tonameca');
INSERT INTO municipio VALUES(20440,'Santa María Totolapilla');
INSERT INTO municipio VALUES(20441,'Santa María Xadani');
INSERT INTO municipio VALUES(20442,'Santa María Yalina');
INSERT INTO municipio VALUES(20443,'Santa María Yavesía');
INSERT INTO municipio VALUES(20444,'Santa María Yolotepec');
INSERT INTO municipio VALUES(20445,'Santa María Yosoyúa');
INSERT INTO municipio VALUES(20446,'Santa María Yucuhiti');
INSERT INTO municipio VALUES(20447,'Santa María Zacatepec');
INSERT INTO municipio VALUES(20448,'Santa María Zaniza');
INSERT INTO municipio VALUES(20449,'Santa María Zoquitlán');
INSERT INTO municipio VALUES(20450,'Santiago Amoltepec');
INSERT INTO municipio VALUES(20451,'Santiago Apoala');
INSERT INTO municipio VALUES(20452,'Santiago Apóstol');
INSERT INTO municipio VALUES(20453,'Santiago Astata');
INSERT INTO municipio VALUES(20454,'Santiago Atitlán');
INSERT INTO municipio VALUES(20455,'Santiago Ayuquililla');
INSERT INTO municipio VALUES(20456,'Santiago Cacaloxtepec');
INSERT INTO municipio VALUES(20457,'Santiago Camotlán');
INSERT INTO municipio VALUES(20458,'Santiago Comaltepec');
INSERT INTO municipio VALUES(20459,'Santiago Chazumba');
INSERT INTO municipio VALUES(20460,'Santiago Choápam');
INSERT INTO municipio VALUES(20461,'Santiago del Río');
INSERT INTO municipio VALUES(20462,'Santiago Huajolotitlán');
INSERT INTO municipio VALUES(20463,'Santiago Huauclilla');
INSERT INTO municipio VALUES(20464,'Santiago Ihuitlán Plumas');
INSERT INTO municipio VALUES(20465,'Santiago Ixcuintepec');
INSERT INTO municipio VALUES(20466,'Santiago Ixtayutla');
INSERT INTO municipio VALUES(20467,'Santiago Jamiltepec');
INSERT INTO municipio VALUES(20468,'Santiago Jocotepec');
INSERT INTO municipio VALUES(20469,'Santiago Juxtlahuaca');
INSERT INTO municipio VALUES(20470,'Santiago Lachiguiri');
INSERT INTO municipio VALUES(20471,'Santiago Lalopa');
INSERT INTO municipio VALUES(20472,'Santiago Laollaga');
INSERT INTO municipio VALUES(20473,'Santiago Laxopa');
INSERT INTO municipio VALUES(20474,'Santiago Llano Grande');
INSERT INTO municipio VALUES(20475,'Santiago Matatlán');
INSERT INTO municipio VALUES(20476,'Santiago Miltepec');
INSERT INTO municipio VALUES(20477,'Santiago Minas');
INSERT INTO municipio VALUES(20478,'Santiago Nacaltepec');
INSERT INTO municipio VALUES(20479,'Santiago Nejapilla');
INSERT INTO municipio VALUES(20480,'Santiago Nundiche');
INSERT INTO municipio VALUES(20481,'Santiago Nuyoó');
INSERT INTO municipio VALUES(20482,'Santiago Pinotepa Nacional');
INSERT INTO municipio VALUES(20483,'Santiago Suchilquitongo');
INSERT INTO municipio VALUES(20484,'Santiago Tamazola');
INSERT INTO municipio VALUES(20485,'Santiago Tapextla');
INSERT INTO municipio VALUES(20486,'Villa Tejúpam de la Unión');
INSERT INTO municipio VALUES(20487,'Santiago Tenango');
INSERT INTO municipio VALUES(20488,'Santiago Tepetlapa');
INSERT INTO municipio VALUES(20489,'Santiago Tetepec');
INSERT INTO municipio VALUES(20490,'Santiago Texcalcingo');
INSERT INTO municipio VALUES(20491,'Santiago Textitlán');
INSERT INTO municipio VALUES(20492,'Santiago Tilantongo');
INSERT INTO municipio VALUES(20493,'Santiago Tillo');
INSERT INTO municipio VALUES(20494,'Santiago Tlazoyaltepec');
INSERT INTO municipio VALUES(20495,'Santiago Xanica');
INSERT INTO municipio VALUES(20496,'Santiago Xiacuí');
INSERT INTO municipio VALUES(20497,'Santiago Yaitepec');
INSERT INTO municipio VALUES(20498,'Santiago Yaveo');
INSERT INTO municipio VALUES(20499,'Santiago Yolomécatl');
INSERT INTO municipio VALUES(20500,'Santiago Yosondúa');
INSERT INTO municipio VALUES(20501,'Santiago Yucuyachi');
INSERT INTO municipio VALUES(20502,'Santiago Zacatepec');
INSERT INTO municipio VALUES(20503,'Santiago Zoochila');
INSERT INTO municipio VALUES(20504,'Nuevo Zoquiápam');
INSERT INTO municipio VALUES(20505,'Santo Domingo Ingenio');
INSERT INTO municipio VALUES(20506,'Santo Domingo Albarradas');
INSERT INTO municipio VALUES(20507,'Santo Domingo Armenta');
INSERT INTO municipio VALUES(20508,'Santo Domingo Chihuitán');
INSERT INTO municipio VALUES(20509,'Santo Domingo de Morelos');
INSERT INTO municipio VALUES(20510,'Santo Domingo Ixcatlán');
INSERT INTO municipio VALUES(20511,'Santo Domingo Nuxaá');
INSERT INTO municipio VALUES(20512,'Santo Domingo Ozolotepec');
INSERT INTO municipio VALUES(20513,'Santo Domingo Petapa');
INSERT INTO municipio VALUES(20514,'Santo Domingo Roayaga');
INSERT INTO municipio VALUES(20515,'Santo Domingo Tehuantepec');
INSERT INTO municipio VALUES(20516,'Santo Domingo Teojomulco');
INSERT INTO municipio VALUES(20517,'Santo Domingo Tepuxtepec');
INSERT INTO municipio VALUES(20518,'Santo Domingo Tlatayápam');
INSERT INTO municipio VALUES(20519,'Santo Domingo Tomaltepec');
INSERT INTO municipio VALUES(20520,'Santo Domingo Tonalá');
INSERT INTO municipio VALUES(20521,'Santo Domingo Tonaltepec');
INSERT INTO municipio VALUES(20522,'Santo Domingo Xagacía');
INSERT INTO municipio VALUES(20523,'Santo Domingo Yanhuitlán');
INSERT INTO municipio VALUES(20524,'Santo Domingo Yodohino');
INSERT INTO municipio VALUES(20525,'Santo Domingo Zanatepec');
INSERT INTO municipio VALUES(20526,'Santos Reyes Nopala');
INSERT INTO municipio VALUES(20527,'Santos Reyes Pápalo');
INSERT INTO municipio VALUES(20528,'Santos Reyes Tepejillo');
INSERT INTO municipio VALUES(20529,'Santos Reyes Yucuná');
INSERT INTO municipio VALUES(20530,'Santo Tomás Jalieza');
INSERT INTO municipio VALUES(20531,'Santo Tomás Mazaltepec');
INSERT INTO municipio VALUES(20532,'Santo Tomás Ocotepec');
INSERT INTO municipio VALUES(20533,'Santo Tomás Tamazulapan');
INSERT INTO municipio VALUES(20534,'San Vicente Coatlán');
INSERT INTO municipio VALUES(20535,'San Vicente Lachixío');
INSERT INTO municipio VALUES(20536,'San Vicente Nuñú');
INSERT INTO municipio VALUES(20537,'Silacayoápam');
INSERT INTO municipio VALUES(20538,'Sitio de Xitlapehua');
INSERT INTO municipio VALUES(20539,'Soledad Etla');
INSERT INTO municipio VALUES(20540,'Villa de Tamazulápam del Progreso');
INSERT INTO municipio VALUES(20541,'Tanetze de Zaragoza');
INSERT INTO municipio VALUES(20542,'Taniche');
INSERT INTO municipio VALUES(20543,'Tataltepec de Valdés');
INSERT INTO municipio VALUES(20544,'Teococuilco de Marcos Pérez');
INSERT INTO municipio VALUES(20545,'Teotitlán de Flores Magón');
INSERT INTO municipio VALUES(20546,'Teotitlán del Valle');
INSERT INTO municipio VALUES(20547,'Teotongo');
INSERT INTO municipio VALUES(20548,'Tepelmeme Villa de Morelos');
INSERT INTO municipio VALUES(20549,'Heroica Villa Tezoatlán de Segura y Luna');
INSERT INTO municipio VALUES(20550,'San Jerónimo Tlacochahuaya');
INSERT INTO municipio VALUES(20551,'Tlacolula de Matamoros');
INSERT INTO municipio VALUES(20552,'Tlacotepec Plumas');
INSERT INTO municipio VALUES(20553,'Tlalixtac de Cabrera');
INSERT INTO municipio VALUES(20554,'Totontepec Villa de Morelos');
INSERT INTO municipio VALUES(20555,'Trinidad Zaachila');
INSERT INTO municipio VALUES(20556,'La Trinidad Vista Hermosa');
INSERT INTO municipio VALUES(20557,'Unión Hidalgo');
INSERT INTO municipio VALUES(20558,'Valerio Trujano');
INSERT INTO municipio VALUES(20559,'San Juan Bautista Valle Nacional');
INSERT INTO municipio VALUES(20560,'Villa Díaz Ordaz');
INSERT INTO municipio VALUES(20561,'Yaxe');
INSERT INTO municipio VALUES(20562,'Magdalena Yodocono de Porfirio Díaz');
INSERT INTO municipio VALUES(20563,'Yogana');
INSERT INTO municipio VALUES(20564,'Yutanduchi de Guerrero');
INSERT INTO municipio VALUES(20565,'Villa de Zaachila');
INSERT INTO municipio VALUES(20566,'San Mateo Yucutindoo');
INSERT INTO municipio VALUES(20567,'Zapotitlán Lagunas');
INSERT INTO municipio VALUES(20568,'Zapotitlán Palmas');
INSERT INTO municipio VALUES(20569,'Santa Inés de Zaragoza');
INSERT INTO municipio VALUES(20570,'Zimatlán de Álvarez');
INSERT INTO municipio VALUES(21001,'Acajete');
INSERT INTO municipio VALUES(21002,'Acateno');
INSERT INTO municipio VALUES(21003,'Acatlán');
INSERT INTO municipio VALUES(21004,'Acatzingo');
INSERT INTO municipio VALUES(21005,'Acteopan');
INSERT INTO municipio VALUES(21006,'Ahuacatlán');
INSERT INTO municipio VALUES(21007,'Ahuatlán');
INSERT INTO municipio VALUES(21008,'Ahuazotepec');
INSERT INTO municipio VALUES(21009,'Ahuehuetitla');
INSERT INTO municipio VALUES(21010,'Ajalpan');
INSERT INTO municipio VALUES(21011,'Albino Zertuche');
INSERT INTO municipio VALUES(21012,'Aljojuca');
INSERT INTO municipio VALUES(21013,'Altepexi');
INSERT INTO municipio VALUES(21014,'Amixtlán');
INSERT INTO municipio VALUES(21015,'Amozoc');
INSERT INTO municipio VALUES(21016,'Aquixtla');
INSERT INTO municipio VALUES(21017,'Atempan');
INSERT INTO municipio VALUES(21018,'Atexcal');
INSERT INTO municipio VALUES(21019,'Atlixco');
INSERT INTO municipio VALUES(21020,'Atoyatempan');
INSERT INTO municipio VALUES(21021,'Atzala');
INSERT INTO municipio VALUES(21022,'Atzitzihuacán');
INSERT INTO municipio VALUES(21023,'Atzitzintla');
INSERT INTO municipio VALUES(21024,'Axutla');
INSERT INTO municipio VALUES(21025,'Ayotoxco de Guerrero');
INSERT INTO municipio VALUES(21026,'Calpan');
INSERT INTO municipio VALUES(21027,'Caltepec');
INSERT INTO municipio VALUES(21028,'Camocuautla');
INSERT INTO municipio VALUES(21029,'Caxhuacan');
INSERT INTO municipio VALUES(21030,'Coatepec');
INSERT INTO municipio VALUES(21031,'Coatzingo');
INSERT INTO municipio VALUES(21032,'Cohetzala');
INSERT INTO municipio VALUES(21033,'Cohuecan');
INSERT INTO municipio VALUES(21034,'Coronango');
INSERT INTO municipio VALUES(21035,'Coxcatlán');
INSERT INTO municipio VALUES(21036,'Coyomeapan');
INSERT INTO municipio VALUES(21037,'Coyotepec');
INSERT INTO municipio VALUES(21038,'Cuapiaxtla de Madero');
INSERT INTO municipio VALUES(21039,'Cuautempan');
INSERT INTO municipio VALUES(21040,'Cuautinchán');
INSERT INTO municipio VALUES(21041,'Cuautlancingo');
INSERT INTO municipio VALUES(21042,'Cuayuca de Andrade');
INSERT INTO municipio VALUES(21043,'Cuetzalan del Progreso');
INSERT INTO municipio VALUES(21044,'Cuyoaco');
INSERT INTO municipio VALUES(21045,'Chalchicomula de Sesma');
INSERT INTO municipio VALUES(21046,'Chapulco');
INSERT INTO municipio VALUES(21047,'Chiautla');
INSERT INTO municipio VALUES(21048,'Chiautzingo');
INSERT INTO municipio VALUES(21049,'Chiconcuautla');
INSERT INTO municipio VALUES(21050,'Chichiquila');
INSERT INTO municipio VALUES(21051,'Chietla');
INSERT INTO municipio VALUES(21052,'Chigmecatitlán');
INSERT INTO municipio VALUES(21053,'Chignahuapan');
INSERT INTO municipio VALUES(21054,'Chignautla');
INSERT INTO municipio VALUES(21055,'Chila');
INSERT INTO municipio VALUES(21056,'Chila de la Sal');
INSERT INTO municipio VALUES(21057,'Honey');
INSERT INTO municipio VALUES(21058,'Chilchotla');
INSERT INTO municipio VALUES(21059,'Chinantla');
INSERT INTO municipio VALUES(21060,'Domingo Arenas');
INSERT INTO municipio VALUES(21061,'Eloxochitlán');
INSERT INTO municipio VALUES(21062,'Epatlán');
INSERT INTO municipio VALUES(21063,'Esperanza');
INSERT INTO municipio VALUES(21064,'Francisco Z. Mena');
INSERT INTO municipio VALUES(21065,'General Felipe Ángeles');
INSERT INTO municipio VALUES(21066,'Guadalupe');
INSERT INTO municipio VALUES(21067,'Guadalupe Victoria');
INSERT INTO municipio VALUES(21068,'Hermenegildo Galeana');
INSERT INTO municipio VALUES(21069,'Huaquechula');
INSERT INTO municipio VALUES(21070,'Huatlatlauca');
INSERT INTO municipio VALUES(21071,'Huauchinango');
INSERT INTO municipio VALUES(21072,'Huehuetla');
INSERT INTO municipio VALUES(21073,'Huehuetlán el Chico');
INSERT INTO municipio VALUES(21074,'Huejotzingo');
INSERT INTO municipio VALUES(21075,'Hueyapan');
INSERT INTO municipio VALUES(21076,'Hueytamalco');
INSERT INTO municipio VALUES(21077,'Hueytlalpan');
INSERT INTO municipio VALUES(21078,'Huitzilan de Serdán');
INSERT INTO municipio VALUES(21079,'Huitziltepec');
INSERT INTO municipio VALUES(21080,'Atlequizayan');
INSERT INTO municipio VALUES(21081,'Ixcamilpa de Guerrero');
INSERT INTO municipio VALUES(21082,'Ixcaquixtla');
INSERT INTO municipio VALUES(21083,'Ixtacamaxtitlán');
INSERT INTO municipio VALUES(21084,'Ixtepec');
INSERT INTO municipio VALUES(21085,'Izúcar de Matamoros');
INSERT INTO municipio VALUES(21086,'Jalpan');
INSERT INTO municipio VALUES(21087,'Jolalpan');
INSERT INTO municipio VALUES(21088,'Jonotla');
INSERT INTO municipio VALUES(21089,'Jopala');
INSERT INTO municipio VALUES(21090,'Juan C. Bonilla');
INSERT INTO municipio VALUES(21091,'Juan Galindo');
INSERT INTO municipio VALUES(21092,'Juan N. Méndez');
INSERT INTO municipio VALUES(21093,'Lafragua');
INSERT INTO municipio VALUES(21094,'Libres');
INSERT INTO municipio VALUES(21095,'La Magdalena Tlatlauquitepec');
INSERT INTO municipio VALUES(21096,'Mazapiltepec de Juárez');
INSERT INTO municipio VALUES(21097,'Mixtla');
INSERT INTO municipio VALUES(21098,'Molcaxac');
INSERT INTO municipio VALUES(21099,'Cañada Morelos');
INSERT INTO municipio VALUES(21100,'Naupan');
INSERT INTO municipio VALUES(21101,'Nauzontla');
INSERT INTO municipio VALUES(21102,'Nealtican');
INSERT INTO municipio VALUES(21103,'Nicolás Bravo');
INSERT INTO municipio VALUES(21104,'Nopalucan');
INSERT INTO municipio VALUES(21105,'Ocotepec');
INSERT INTO municipio VALUES(21106,'Ocoyucan');
INSERT INTO municipio VALUES(21107,'Olintla');
INSERT INTO municipio VALUES(21108,'Oriental');
INSERT INTO municipio VALUES(21109,'Pahuatlán');
INSERT INTO municipio VALUES(21110,'Palmar de Bravo');
INSERT INTO municipio VALUES(21111,'Pantepec');
INSERT INTO municipio VALUES(21112,'Petlalcingo');
INSERT INTO municipio VALUES(21113,'Piaxtla');
INSERT INTO municipio VALUES(21114,'Puebla');
INSERT INTO municipio VALUES(21115,'Quecholac');
INSERT INTO municipio VALUES(21116,'Quimixtlán');
INSERT INTO municipio VALUES(21117,'Rafael Lara Grajales');
INSERT INTO municipio VALUES(21118,'Los Reyes de Juárez');
INSERT INTO municipio VALUES(21119,'San Andrés Cholula');
INSERT INTO municipio VALUES(21120,'San Antonio Cañada');
INSERT INTO municipio VALUES(21121,'San Diego la Mesa Tochimiltzingo');
INSERT INTO municipio VALUES(21122,'San Felipe Teotlalcingo');
INSERT INTO municipio VALUES(21123,'San Felipe Tepatlán');
INSERT INTO municipio VALUES(21124,'San Gabriel Chilac');
INSERT INTO municipio VALUES(21125,'San Gregorio Atzompa');
INSERT INTO municipio VALUES(21126,'San Jerónimo Tecuanipan');
INSERT INTO municipio VALUES(21127,'San Jerónimo Xayacatlán');
INSERT INTO municipio VALUES(21128,'San José Chiapa');
INSERT INTO municipio VALUES(21129,'San José Miahuatlán');
INSERT INTO municipio VALUES(21130,'San Juan Atenco');
INSERT INTO municipio VALUES(21131,'San Juan Atzompa');
INSERT INTO municipio VALUES(21132,'San Martín Texmelucan');
INSERT INTO municipio VALUES(21133,'San Martín Totoltepec');
INSERT INTO municipio VALUES(21134,'San Matías Tlalancaleca');
INSERT INTO municipio VALUES(21135,'San Miguel Ixitlán');
INSERT INTO municipio VALUES(21136,'San Miguel Xoxtla');
INSERT INTO municipio VALUES(21137,'San Nicolás Buenos Aires');
INSERT INTO municipio VALUES(21138,'San Nicolás de los Ranchos');
INSERT INTO municipio VALUES(21139,'San Pablo Anicano');
INSERT INTO municipio VALUES(21140,'San Pedro Cholula');
INSERT INTO municipio VALUES(21141,'San Pedro Yeloixtlahuaca');
INSERT INTO municipio VALUES(21142,'San Salvador el Seco');
INSERT INTO municipio VALUES(21143,'San Salvador el Verde');
INSERT INTO municipio VALUES(21144,'San Salvador Huixcolotla');
INSERT INTO municipio VALUES(21145,'San Sebastián Tlacotepec');
INSERT INTO municipio VALUES(21146,'Santa Catarina Tlaltempan');
INSERT INTO municipio VALUES(21147,'Santa Inés Ahuatempan');
INSERT INTO municipio VALUES(21148,'Santa Isabel Cholula');
INSERT INTO municipio VALUES(21149,'Santiago Miahuatlán');
INSERT INTO municipio VALUES(21150,'Huehuetlán el Grande');
INSERT INTO municipio VALUES(21151,'Santo Tomás Hueyotlipan');
INSERT INTO municipio VALUES(21152,'Soltepec');
INSERT INTO municipio VALUES(21153,'Tecali de Herrera');
INSERT INTO municipio VALUES(21154,'Tecamachalco');
INSERT INTO municipio VALUES(21155,'Tecomatlán');
INSERT INTO municipio VALUES(21156,'Tehuacán');
INSERT INTO municipio VALUES(21157,'Tehuitzingo');
INSERT INTO municipio VALUES(21158,'Tenampulco');
INSERT INTO municipio VALUES(21159,'Teopantlán');
INSERT INTO municipio VALUES(21160,'Teotlalco');
INSERT INTO municipio VALUES(21161,'Tepanco de López');
INSERT INTO municipio VALUES(21162,'Tepango de Rodríguez');
INSERT INTO municipio VALUES(21163,'Tepatlaxco de Hidalgo');
INSERT INTO municipio VALUES(21164,'Tepeaca');
INSERT INTO municipio VALUES(21165,'Tepemaxalco');
INSERT INTO municipio VALUES(21166,'Tepeojuma');
INSERT INTO municipio VALUES(21167,'Tepetzintla');
INSERT INTO municipio VALUES(21168,'Tepexco');
INSERT INTO municipio VALUES(21169,'Tepexi de Rodríguez');
INSERT INTO municipio VALUES(21170,'Tepeyahualco');
INSERT INTO municipio VALUES(21171,'Tepeyahualco de Cuauhtémoc');
INSERT INTO municipio VALUES(21172,'Tetela de Ocampo');
INSERT INTO municipio VALUES(21173,'Teteles de Avila Castillo');
INSERT INTO municipio VALUES(21174,'Teziutlán');
INSERT INTO municipio VALUES(21175,'Tianguismanalco');
INSERT INTO municipio VALUES(21176,'Tilapa');
INSERT INTO municipio VALUES(21177,'Tlacotepec de Benito Juárez');
INSERT INTO municipio VALUES(21178,'Tlacuilotepec');
INSERT INTO municipio VALUES(21179,'Tlachichuca');
INSERT INTO municipio VALUES(21180,'Tlahuapan');
INSERT INTO municipio VALUES(21181,'Tlaltenango');
INSERT INTO municipio VALUES(21182,'Tlanepantla');
INSERT INTO municipio VALUES(21183,'Tlaola');
INSERT INTO municipio VALUES(21184,'Tlapacoya');
INSERT INTO municipio VALUES(21185,'Tlapanalá');
INSERT INTO municipio VALUES(21186,'Tlatlauquitepec');
INSERT INTO municipio VALUES(21187,'Tlaxco');
INSERT INTO municipio VALUES(21188,'Tochimilco');
INSERT INTO municipio VALUES(21189,'Tochtepec');
INSERT INTO municipio VALUES(21190,'Totoltepec de Guerrero');
INSERT INTO municipio VALUES(21191,'Tulcingo');
INSERT INTO municipio VALUES(21192,'Tuzamapan de Galeana');
INSERT INTO municipio VALUES(21193,'Tzicatlacoyan');
INSERT INTO municipio VALUES(21194,'Venustiano Carranza');
INSERT INTO municipio VALUES(21195,'Vicente Guerrero');
INSERT INTO municipio VALUES(21196,'Xayacatlán de Bravo');
INSERT INTO municipio VALUES(21197,'Xicotepec');
INSERT INTO municipio VALUES(21198,'Xicotlán');
INSERT INTO municipio VALUES(21199,'Xiutetelco');
INSERT INTO municipio VALUES(21200,'Xochiapulco');
INSERT INTO municipio VALUES(21201,'Xochiltepec');
INSERT INTO municipio VALUES(21202,'Xochitlán de Vicente Suárez');
INSERT INTO municipio VALUES(21203,'Xochitlán Todos Santos');
INSERT INTO municipio VALUES(21204,'Yaonáhuac');
INSERT INTO municipio VALUES(21205,'Yehualtepec');
INSERT INTO municipio VALUES(21206,'Zacapala');
INSERT INTO municipio VALUES(21207,'Zacapoaxtla');
INSERT INTO municipio VALUES(21208,'Zacatlán');
INSERT INTO municipio VALUES(21209,'Zapotitlán');
INSERT INTO municipio VALUES(21210,'Zapotitlán de Méndez');
INSERT INTO municipio VALUES(21211,'Zaragoza');
INSERT INTO municipio VALUES(21212,'Zautla');
INSERT INTO municipio VALUES(21213,'Zihuateutla');
INSERT INTO municipio VALUES(21214,'Zinacatepec');
INSERT INTO municipio VALUES(21215,'Zongozotla');
INSERT INTO municipio VALUES(21216,'Zoquiapan');
INSERT INTO municipio VALUES(21217,'Zoquitlán');
INSERT INTO municipio VALUES(22001,'Amealco de Bonfil');
INSERT INTO municipio VALUES(22002,'Pinal de Amoles');
INSERT INTO municipio VALUES(22003,'Arroyo Seco');
INSERT INTO municipio VALUES(22004,'Cadereyta de Montes');
INSERT INTO municipio VALUES(22005,'Colón');
INSERT INTO municipio VALUES(22006,'Corregidora');
INSERT INTO municipio VALUES(22007,'Ezequiel Montes');
INSERT INTO municipio VALUES(22008,'Huimilpan');
INSERT INTO municipio VALUES(22009,'Jalpan de Serra');
INSERT INTO municipio VALUES(22010,'Landa de Matamoros');
INSERT INTO municipio VALUES(22011,'El Marqués');
INSERT INTO municipio VALUES(22012,'Pedro Escobedo');
INSERT INTO municipio VALUES(22013,'Peñamiller');
INSERT INTO municipio VALUES(22014,'Querétaro');
INSERT INTO municipio VALUES(22015,'San Joaquín');
INSERT INTO municipio VALUES(22016,'San Juan del Río');
INSERT INTO municipio VALUES(22017,'Tequisquiapan');
INSERT INTO municipio VALUES(22018,'Tolimán');
INSERT INTO municipio VALUES(23001,'Cozumel');
INSERT INTO municipio VALUES(23002,'Felipe Carrillo Puerto');
INSERT INTO municipio VALUES(23003,'Isla Mujeres');
INSERT INTO municipio VALUES(23004,'Othón P. Blanco');
INSERT INTO municipio VALUES(23005,'Benito Juárez');
INSERT INTO municipio VALUES(23006,'José María Morelos');
INSERT INTO municipio VALUES(23007,'Lázaro Cárdenas');
INSERT INTO municipio VALUES(23008,'Solidaridad');
INSERT INTO municipio VALUES(23009,'Tulum');
INSERT INTO municipio VALUES(23010,'Bacalar');
INSERT INTO municipio VALUES(24001,'Ahualulco');
INSERT INTO municipio VALUES(24002,'Alaquines');
INSERT INTO municipio VALUES(24003,'Aquismón');
INSERT INTO municipio VALUES(24004,'Armadillo de los Infante');
INSERT INTO municipio VALUES(24005,'Cárdenas');
INSERT INTO municipio VALUES(24006,'Catorce');
INSERT INTO municipio VALUES(24007,'Cedral');
INSERT INTO municipio VALUES(24008,'Cerritos');
INSERT INTO municipio VALUES(24009,'Cerro de San Pedro');
INSERT INTO municipio VALUES(24010,'Ciudad del Maíz');
INSERT INTO municipio VALUES(24011,'Ciudad Fernández');
INSERT INTO municipio VALUES(24012,'Tancanhuitz');
INSERT INTO municipio VALUES(24013,'Ciudad Valles');
INSERT INTO municipio VALUES(24014,'Coxcatlán');
INSERT INTO municipio VALUES(24015,'Charcas');
INSERT INTO municipio VALUES(24016,'Ebano');
INSERT INTO municipio VALUES(24017,'Guadalcázar');
INSERT INTO municipio VALUES(24018,'Huehuetlán');
INSERT INTO municipio VALUES(24019,'Lagunillas');
INSERT INTO municipio VALUES(24020,'Matehuala');
INSERT INTO municipio VALUES(24021,'Mexquitic de Carmona');
INSERT INTO municipio VALUES(24022,'Moctezuma');
INSERT INTO municipio VALUES(24023,'Rayón');
INSERT INTO municipio VALUES(24024,'Rioverde');
INSERT INTO municipio VALUES(24025,'Salinas');
INSERT INTO municipio VALUES(24026,'San Antonio');
INSERT INTO municipio VALUES(24027,'San Ciro de Acosta');
INSERT INTO municipio VALUES(24028,'San Luis Potosí');
INSERT INTO municipio VALUES(24029,'San Martín Chalchicuautla');
INSERT INTO municipio VALUES(24030,'San Nicolás Tolentino');
INSERT INTO municipio VALUES(24031,'Santa Catarina');
INSERT INTO municipio VALUES(24032,'Santa María del Río');
INSERT INTO municipio VALUES(24033,'Santo Domingo');
INSERT INTO municipio VALUES(24034,'San Vicente Tancuayalab');
INSERT INTO municipio VALUES(24035,'Soledad de Graciano Sánchez');
INSERT INTO municipio VALUES(24036,'Tamasopo');
INSERT INTO municipio VALUES(24037,'Tamazunchale');
INSERT INTO municipio VALUES(24038,'Tampacán');
INSERT INTO municipio VALUES(24039,'Tampamolón Corona');
INSERT INTO municipio VALUES(24040,'Tamuín');
INSERT INTO municipio VALUES(24041,'Tanlajás');
INSERT INTO municipio VALUES(24042,'Tanquián de Escobedo');
INSERT INTO municipio VALUES(24043,'Tierra Nueva');
INSERT INTO municipio VALUES(24044,'Vanegas');
INSERT INTO municipio VALUES(24045,'Venado');
INSERT INTO municipio VALUES(24046,'Villa de Arriaga');
INSERT INTO municipio VALUES(24047,'Villa de Guadalupe');
INSERT INTO municipio VALUES(24048,'Villa de la Paz');
INSERT INTO municipio VALUES(24049,'Villa de Ramos');
INSERT INTO municipio VALUES(24050,'Villa de Reyes');
INSERT INTO municipio VALUES(24051,'Villa Hidalgo');
INSERT INTO municipio VALUES(24052,'Villa Juárez');
INSERT INTO municipio VALUES(24053,'Axtla de Terrazas');
INSERT INTO municipio VALUES(24054,'Xilitla');
INSERT INTO municipio VALUES(24055,'Zaragoza');
INSERT INTO municipio VALUES(24056,'Villa de Arista');
INSERT INTO municipio VALUES(24057,'Matlapa');
INSERT INTO municipio VALUES(24058,'El Naranjo');
INSERT INTO municipio VALUES(25001,'Ahome');
INSERT INTO municipio VALUES(25002,'Angostura');
INSERT INTO municipio VALUES(25003,'Badiraguato');
INSERT INTO municipio VALUES(25004,'Concordia');
INSERT INTO municipio VALUES(25005,'Cosalá');
INSERT INTO municipio VALUES(25006,'Culiacán');
INSERT INTO municipio VALUES(25007,'Choix');
INSERT INTO municipio VALUES(25008,'Elota');
INSERT INTO municipio VALUES(25009,'Escuinapa');
INSERT INTO municipio VALUES(25010,'El Fuerte');
INSERT INTO municipio VALUES(25011,'Guasave');
INSERT INTO municipio VALUES(25012,'Mazatlán');
INSERT INTO municipio VALUES(25013,'Mocorito');
INSERT INTO municipio VALUES(25014,'Rosario');
INSERT INTO municipio VALUES(25015,'Salvador Alvarado');
INSERT INTO municipio VALUES(25016,'San Ignacio');
INSERT INTO municipio VALUES(25017,'Sinaloa');
INSERT INTO municipio VALUES(25018,'Navolato');
INSERT INTO municipio VALUES(26001,'Aconchi');
INSERT INTO municipio VALUES(26002,'Agua Prieta');
INSERT INTO municipio VALUES(26003,'Alamos');
INSERT INTO municipio VALUES(26004,'Altar');
INSERT INTO municipio VALUES(26005,'Arivechi');
INSERT INTO municipio VALUES(26006,'Arizpe');
INSERT INTO municipio VALUES(26007,'Atil');
INSERT INTO municipio VALUES(26008,'Bacadéhuachi');
INSERT INTO municipio VALUES(26009,'Bacanora');
INSERT INTO municipio VALUES(26010,'Bacerac');
INSERT INTO municipio VALUES(26011,'Bacoachi');
INSERT INTO municipio VALUES(26012,'Bácum');
INSERT INTO municipio VALUES(26013,'Banámichi');
INSERT INTO municipio VALUES(26014,'Baviácora');
INSERT INTO municipio VALUES(26015,'Bavispe');
INSERT INTO municipio VALUES(26016,'Benjamín Hill');
INSERT INTO municipio VALUES(26017,'Caborca');
INSERT INTO municipio VALUES(26018,'Cajeme');
INSERT INTO municipio VALUES(26019,'Cananea');
INSERT INTO municipio VALUES(26020,'Carbó');
INSERT INTO municipio VALUES(26021,'La Colorada');
INSERT INTO municipio VALUES(26022,'Cucurpe');
INSERT INTO municipio VALUES(26023,'Cumpas');
INSERT INTO municipio VALUES(26024,'Divisaderos');
INSERT INTO municipio VALUES(26025,'Empalme');
INSERT INTO municipio VALUES(26026,'Etchojoa');
INSERT INTO municipio VALUES(26027,'Fronteras');
INSERT INTO municipio VALUES(26028,'Granados');
INSERT INTO municipio VALUES(26029,'Guaymas');
INSERT INTO municipio VALUES(26030,'Hermosillo');
INSERT INTO municipio VALUES(26031,'Huachinera');
INSERT INTO municipio VALUES(26032,'Huásabas');
INSERT INTO municipio VALUES(26033,'Huatabampo');
INSERT INTO municipio VALUES(26034,'Huépac');
INSERT INTO municipio VALUES(26035,'Imuris');
INSERT INTO municipio VALUES(26036,'Magdalena');
INSERT INTO municipio VALUES(26037,'Mazatán');
INSERT INTO municipio VALUES(26038,'Moctezuma');
INSERT INTO municipio VALUES(26039,'Naco');
INSERT INTO municipio VALUES(26040,'Nácori Chico');
INSERT INTO municipio VALUES(26041,'Nacozari de García');
INSERT INTO municipio VALUES(26042,'Navojoa');
INSERT INTO municipio VALUES(26043,'Nogales');
INSERT INTO municipio VALUES(26044,'Onavas');
INSERT INTO municipio VALUES(26045,'Opodepe');
INSERT INTO municipio VALUES(26046,'Oquitoa');
INSERT INTO municipio VALUES(26047,'Pitiquito');
INSERT INTO municipio VALUES(26048,'Puerto Peñasco');
INSERT INTO municipio VALUES(26049,'Quiriego');
INSERT INTO municipio VALUES(26050,'Rayón');
INSERT INTO municipio VALUES(26051,'Rosario');
INSERT INTO municipio VALUES(26052,'Sahuaripa');
INSERT INTO municipio VALUES(26053,'San Felipe de Jesús');
INSERT INTO municipio VALUES(26054,'San Javier');
INSERT INTO municipio VALUES(26055,'San Luis Río Colorado');
INSERT INTO municipio VALUES(26056,'San Miguel de Horcasitas');
INSERT INTO municipio VALUES(26057,'San Pedro de la Cueva');
INSERT INTO municipio VALUES(26058,'Santa Ana');
INSERT INTO municipio VALUES(26059,'Santa Cruz');
INSERT INTO municipio VALUES(26060,'Sáric');
INSERT INTO municipio VALUES(26061,'Soyopa');
INSERT INTO municipio VALUES(26062,'Suaqui Grande');
INSERT INTO municipio VALUES(26063,'Tepache');
INSERT INTO municipio VALUES(26064,'Trincheras');
INSERT INTO municipio VALUES(26065,'Tubutama');
INSERT INTO municipio VALUES(26066,'Ures');
INSERT INTO municipio VALUES(26067,'Villa Hidalgo');
INSERT INTO municipio VALUES(26068,'Villa Pesqueira');
INSERT INTO municipio VALUES(26069,'Yécora');
INSERT INTO municipio VALUES(26070,'General Plutarco Elías Calles');
INSERT INTO municipio VALUES(26071,'Benito Juárez');
INSERT INTO municipio VALUES(26072,'San Ignacio Río Muerto');
INSERT INTO municipio VALUES(27001,'Balancán');
INSERT INTO municipio VALUES(27002,'Cárdenas');
INSERT INTO municipio VALUES(27003,'Centla');
INSERT INTO municipio VALUES(27004,'Centro');
INSERT INTO municipio VALUES(27005,'Comalcalco');
INSERT INTO municipio VALUES(27006,'Cunduacán');
INSERT INTO municipio VALUES(27007,'Emiliano Zapata');
INSERT INTO municipio VALUES(27008,'Huimanguillo');
INSERT INTO municipio VALUES(27009,'Jalapa');
INSERT INTO municipio VALUES(27010,'Jalpa de Méndez');
INSERT INTO municipio VALUES(27011,'Jonuta');
INSERT INTO municipio VALUES(27012,'Macuspana');
INSERT INTO municipio VALUES(27013,'Nacajuca');
INSERT INTO municipio VALUES(27014,'Paraíso');
INSERT INTO municipio VALUES(27015,'Tacotalpa');
INSERT INTO municipio VALUES(27016,'Teapa');
INSERT INTO municipio VALUES(27017,'Tenosique');
INSERT INTO municipio VALUES(28001,'Abasolo');
INSERT INTO municipio VALUES(28002,'Aldama');
INSERT INTO municipio VALUES(28003,'Altamira');
INSERT INTO municipio VALUES(28004,'Antiguo Morelos');
INSERT INTO municipio VALUES(28005,'Burgos');
INSERT INTO municipio VALUES(28006,'Bustamante');
INSERT INTO municipio VALUES(28007,'Camargo');
INSERT INTO municipio VALUES(28008,'Casas');
INSERT INTO municipio VALUES(28009,'Ciudad Madero');
INSERT INTO municipio VALUES(28010,'Cruillas');
INSERT INTO municipio VALUES(28011,'Gómez Farías');
INSERT INTO municipio VALUES(28012,'González');
INSERT INTO municipio VALUES(28013,'Güémez');
INSERT INTO municipio VALUES(28014,'Guerrero');
INSERT INTO municipio VALUES(28015,'Gustavo Díaz Ordaz');
INSERT INTO municipio VALUES(28016,'Hidalgo');
INSERT INTO municipio VALUES(28017,'Jaumave');
INSERT INTO municipio VALUES(28018,'Jiménez');
INSERT INTO municipio VALUES(28019,'Llera');
INSERT INTO municipio VALUES(28020,'Mainero');
INSERT INTO municipio VALUES(28021,'El Mante');
INSERT INTO municipio VALUES(28022,'Matamoros');
INSERT INTO municipio VALUES(28023,'Méndez');
INSERT INTO municipio VALUES(28024,'Mier');
INSERT INTO municipio VALUES(28025,'Miguel Alemán');
INSERT INTO municipio VALUES(28026,'Miquihuana');
INSERT INTO municipio VALUES(28027,'Nuevo Laredo');
INSERT INTO municipio VALUES(28028,'Nuevo Morelos');
INSERT INTO municipio VALUES(28029,'Ocampo');
INSERT INTO municipio VALUES(28030,'Padilla');
INSERT INTO municipio VALUES(28031,'Palmillas');
INSERT INTO municipio VALUES(28032,'Reynosa');
INSERT INTO municipio VALUES(28033,'Río Bravo');
INSERT INTO municipio VALUES(28034,'San Carlos');
INSERT INTO municipio VALUES(28035,'San Fernando');
INSERT INTO municipio VALUES(28036,'San Nicolás');
INSERT INTO municipio VALUES(28037,'Soto la Marina');
INSERT INTO municipio VALUES(28038,'Tampico');
INSERT INTO municipio VALUES(28039,'Tula');
INSERT INTO municipio VALUES(28040,'Valle Hermoso');
INSERT INTO municipio VALUES(28041,'Victoria');
INSERT INTO municipio VALUES(28042,'Villagrán');
INSERT INTO municipio VALUES(28043,'Xicoténcatl');
INSERT INTO municipio VALUES(29001,'Amaxac de Guerrero');
INSERT INTO municipio VALUES(29002,'Apetatitlán de Antonio Carvajal');
INSERT INTO municipio VALUES(29003,'Atlangatepec');
INSERT INTO municipio VALUES(29004,'Atltzayanca');
INSERT INTO municipio VALUES(29005,'Apizaco');
INSERT INTO municipio VALUES(29006,'Calpulalpan');
INSERT INTO municipio VALUES(29007,'El Carmen Tequexquitla');
INSERT INTO municipio VALUES(29008,'Cuapiaxtla');
INSERT INTO municipio VALUES(29009,'Cuaxomulco');
INSERT INTO municipio VALUES(29010,'Chiautempan');
INSERT INTO municipio VALUES(29011,'Muñoz de Domingo Arenas');
INSERT INTO municipio VALUES(29012,'Españita');
INSERT INTO municipio VALUES(29013,'Huamantla');
INSERT INTO municipio VALUES(29014,'Hueyotlipan');
INSERT INTO municipio VALUES(29015,'Ixtacuixtla de Mariano Matamoros');
INSERT INTO municipio VALUES(29016,'Ixtenco');
INSERT INTO municipio VALUES(29017,'Mazatecochco de José María Morelos');
INSERT INTO municipio VALUES(29018,'Contla de Juan Cuamatzi');
INSERT INTO municipio VALUES(29019,'Tepetitla de Lardizábal');
INSERT INTO municipio VALUES(29020,'Sanctórum de Lázaro Cárdenas');
INSERT INTO municipio VALUES(29021,'Nanacamilpa de Mariano Arista');
INSERT INTO municipio VALUES(29022,'Acuamanala de Miguel Hidalgo');
INSERT INTO municipio VALUES(29023,'Natívitas');
INSERT INTO municipio VALUES(29024,'Panotla');
INSERT INTO municipio VALUES(29025,'San Pablo del Monte');
INSERT INTO municipio VALUES(29026,'Santa Cruz Tlaxcala');
INSERT INTO municipio VALUES(29027,'Tenancingo');
INSERT INTO municipio VALUES(29028,'Teolocholco');
INSERT INTO municipio VALUES(29029,'Tepeyanco');
INSERT INTO municipio VALUES(29030,'Terrenate');
INSERT INTO municipio VALUES(29031,'Tetla de la Solidaridad');
INSERT INTO municipio VALUES(29032,'Tetlatlahuca');
INSERT INTO municipio VALUES(29033,'Tlaxcala');
INSERT INTO municipio VALUES(29034,'Tlaxco');
INSERT INTO municipio VALUES(29035,'Tocatlán');
INSERT INTO municipio VALUES(29036,'Totolac');
INSERT INTO municipio VALUES(29037,'Ziltlaltépec de Trinidad Sánchez Santos');
INSERT INTO municipio VALUES(29038,'Tzompantepec');
INSERT INTO municipio VALUES(29039,'Xaloztoc');
INSERT INTO municipio VALUES(29040,'Xaltocan');
INSERT INTO municipio VALUES(29041,'Papalotla de Xicohténcatl');
INSERT INTO municipio VALUES(29042,'Xicohtzinco');
INSERT INTO municipio VALUES(29043,'Yauhquemehcan');
INSERT INTO municipio VALUES(29044,'Zacatelco');
INSERT INTO municipio VALUES(29045,'Benito Juárez');
INSERT INTO municipio VALUES(29046,'Emiliano Zapata');
INSERT INTO municipio VALUES(29047,'Lázaro Cárdenas');
INSERT INTO municipio VALUES(29048,'La Magdalena Tlaltelulco');
INSERT INTO municipio VALUES(29049,'San Damián Texóloc');
INSERT INTO municipio VALUES(29050,'San Francisco Tetlanohcan');
INSERT INTO municipio VALUES(29051,'San Jerónimo Zacualpan');
INSERT INTO municipio VALUES(29052,'San José Teacalco');
INSERT INTO municipio VALUES(29053,'San Juan Huactzinco');
INSERT INTO municipio VALUES(29054,'San Lorenzo Axocomanitla');
INSERT INTO municipio VALUES(29055,'San Lucas Tecopilco');
INSERT INTO municipio VALUES(29056,'Santa Ana Nopalucan');
INSERT INTO municipio VALUES(29057,'Santa Apolonia Teacalco');
INSERT INTO municipio VALUES(29058,'Santa Catarina Ayometla');
INSERT INTO municipio VALUES(29059,'Santa Cruz Quilehtla');
INSERT INTO municipio VALUES(29060,'Santa Isabel Xiloxoxtla');
INSERT INTO municipio VALUES(30001,'Acajete');
INSERT INTO municipio VALUES(30002,'Acatlán');
INSERT INTO municipio VALUES(30003,'Acayucan');
INSERT INTO municipio VALUES(30004,'Actopan');
INSERT INTO municipio VALUES(30005,'Acula');
INSERT INTO municipio VALUES(30006,'Acultzingo');
INSERT INTO municipio VALUES(30007,'Camarón de Tejeda');
INSERT INTO municipio VALUES(30008,'Alpatláhuac');
INSERT INTO municipio VALUES(30009,'Alto Lucero de Gutiérrez Barrios');
INSERT INTO municipio VALUES(30010,'Altotonga');
INSERT INTO municipio VALUES(30011,'Alvarado');
INSERT INTO municipio VALUES(30012,'Amatitlán');
INSERT INTO municipio VALUES(30013,'Naranjos Amatlán');
INSERT INTO municipio VALUES(30014,'Amatlán de los Reyes');
INSERT INTO municipio VALUES(30015,'Angel R. Cabada');
INSERT INTO municipio VALUES(30016,'La Antigua');
INSERT INTO municipio VALUES(30017,'Apazapan');
INSERT INTO municipio VALUES(30018,'Aquila');
INSERT INTO municipio VALUES(30019,'Astacinga');
INSERT INTO municipio VALUES(30020,'Atlahuilco');
INSERT INTO municipio VALUES(30021,'Atoyac');
INSERT INTO municipio VALUES(30022,'Atzacan');
INSERT INTO municipio VALUES(30023,'Atzalan');
INSERT INTO municipio VALUES(30024,'Tlaltetela');
INSERT INTO municipio VALUES(30025,'Ayahualulco');
INSERT INTO municipio VALUES(30026,'Banderilla');
INSERT INTO municipio VALUES(30027,'Benito Juárez');
INSERT INTO municipio VALUES(30028,'Boca del Río');
INSERT INTO municipio VALUES(30029,'Calcahualco');
INSERT INTO municipio VALUES(30030,'Camerino Z. Mendoza');
INSERT INTO municipio VALUES(30031,'Carrillo Puerto');
INSERT INTO municipio VALUES(30032,'Catemaco');
INSERT INTO municipio VALUES(30033,'Cazones de Herrera');
INSERT INTO municipio VALUES(30034,'Cerro Azul');
INSERT INTO municipio VALUES(30035,'Citlaltépetl');
INSERT INTO municipio VALUES(30036,'Coacoatzintla');
INSERT INTO municipio VALUES(30037,'Coahuitlán');
INSERT INTO municipio VALUES(30038,'Coatepec');
INSERT INTO municipio VALUES(30039,'Coatzacoalcos');
INSERT INTO municipio VALUES(30040,'Coatzintla');
INSERT INTO municipio VALUES(30041,'Coetzala');
INSERT INTO municipio VALUES(30042,'Colipa');
INSERT INTO municipio VALUES(30043,'Comapa');
INSERT INTO municipio VALUES(30044,'Córdoba');
INSERT INTO municipio VALUES(30045,'Cosamaloapan de Carpio');
INSERT INTO municipio VALUES(30046,'Cosautlán de Carvajal');
INSERT INTO municipio VALUES(30047,'Coscomatepec');
INSERT INTO municipio VALUES(30048,'Cosoleacaque');
INSERT INTO municipio VALUES(30049,'Cotaxtla');
INSERT INTO municipio VALUES(30050,'Coxquihui');
INSERT INTO municipio VALUES(30051,'Coyutla');
INSERT INTO municipio VALUES(30052,'Cuichapa');
INSERT INTO municipio VALUES(30053,'Cuitláhuac');
INSERT INTO municipio VALUES(30054,'Chacaltianguis');
INSERT INTO municipio VALUES(30055,'Chalma');
INSERT INTO municipio VALUES(30056,'Chiconamel');
INSERT INTO municipio VALUES(30057,'Chiconquiaco');
INSERT INTO municipio VALUES(30058,'Chicontepec');
INSERT INTO municipio VALUES(30059,'Chinameca');
INSERT INTO municipio VALUES(30060,'Chinampa de Gorostiza');
INSERT INTO municipio VALUES(30061,'Las Choapas');
INSERT INTO municipio VALUES(30062,'Chocamán');
INSERT INTO municipio VALUES(30063,'Chontla');
INSERT INTO municipio VALUES(30064,'Chumatlán');
INSERT INTO municipio VALUES(30065,'Emiliano Zapata');
INSERT INTO municipio VALUES(30066,'Espinal');
INSERT INTO municipio VALUES(30067,'Filomeno Mata');
INSERT INTO municipio VALUES(30068,'Fortín');
INSERT INTO municipio VALUES(30069,'Gutiérrez Zamora');
INSERT INTO municipio VALUES(30070,'Hidalgotitlán');
INSERT INTO municipio VALUES(30071,'Huatusco');
INSERT INTO municipio VALUES(30072,'Huayacocotla');
INSERT INTO municipio VALUES(30073,'Hueyapan de Ocampo');
INSERT INTO municipio VALUES(30074,'Huiloapan de Cuauhtémoc');
INSERT INTO municipio VALUES(30075,'Ignacio de la Llave');
INSERT INTO municipio VALUES(30076,'Ilamatlán');
INSERT INTO municipio VALUES(30077,'Isla');
INSERT INTO municipio VALUES(30078,'Ixcatepec');
INSERT INTO municipio VALUES(30079,'Ixhuacán de los Reyes');
INSERT INTO municipio VALUES(30080,'Ixhuatlán del Café');
INSERT INTO municipio VALUES(30081,'Ixhuatlancillo');
INSERT INTO municipio VALUES(30082,'Ixhuatlán del Sureste');
INSERT INTO municipio VALUES(30083,'Ixhuatlán de Madero');
INSERT INTO municipio VALUES(30084,'Ixmatlahuacan');
INSERT INTO municipio VALUES(30085,'Ixtaczoquitlán');
INSERT INTO municipio VALUES(30086,'Jalacingo');
INSERT INTO municipio VALUES(30087,'Xalapa');
INSERT INTO municipio VALUES(30088,'Jalcomulco');
INSERT INTO municipio VALUES(30089,'Jáltipan');
INSERT INTO municipio VALUES(30090,'Jamapa');
INSERT INTO municipio VALUES(30091,'Jesús Carranza');
INSERT INTO municipio VALUES(30092,'Xico');
INSERT INTO municipio VALUES(30093,'Jilotepec');
INSERT INTO municipio VALUES(30094,'Juan Rodríguez Clara');
INSERT INTO municipio VALUES(30095,'Juchique de Ferrer');
INSERT INTO municipio VALUES(30096,'Landero y Coss');
INSERT INTO municipio VALUES(30097,'Lerdo de Tejada');
INSERT INTO municipio VALUES(30098,'Magdalena');
INSERT INTO municipio VALUES(30099,'Maltrata');
INSERT INTO municipio VALUES(30100,'Manlio Fabio Altamirano');
INSERT INTO municipio VALUES(30101,'Mariano Escobedo');
INSERT INTO municipio VALUES(30102,'Martínez de la Torre');
INSERT INTO municipio VALUES(30103,'Mecatlán');
INSERT INTO municipio VALUES(30104,'Mecayapan');
INSERT INTO municipio VALUES(30105,'Medellín');
INSERT INTO municipio VALUES(30106,'Miahuatlán');
INSERT INTO municipio VALUES(30107,'Las Minas');
INSERT INTO municipio VALUES(30108,'Minatitlán');
INSERT INTO municipio VALUES(30109,'Misantla');
INSERT INTO municipio VALUES(30110,'Mixtla de Altamirano');
INSERT INTO municipio VALUES(30111,'Moloacán');
INSERT INTO municipio VALUES(30112,'Naolinco');
INSERT INTO municipio VALUES(30113,'Naranjal');
INSERT INTO municipio VALUES(30114,'Nautla');
INSERT INTO municipio VALUES(30115,'Nogales');
INSERT INTO municipio VALUES(30116,'Oluta');
INSERT INTO municipio VALUES(30117,'Omealca');
INSERT INTO municipio VALUES(30118,'Orizaba');
INSERT INTO municipio VALUES(30119,'Otatitlán');
INSERT INTO municipio VALUES(30120,'Oteapan');
INSERT INTO municipio VALUES(30121,'Ozuluama de Mascareñas');
INSERT INTO municipio VALUES(30122,'Pajapan');
INSERT INTO municipio VALUES(30123,'Pánuco');
INSERT INTO municipio VALUES(30124,'Papantla');
INSERT INTO municipio VALUES(30125,'Paso del Macho');
INSERT INTO municipio VALUES(30126,'Paso de Ovejas');
INSERT INTO municipio VALUES(30127,'La Perla');
INSERT INTO municipio VALUES(30128,'Perote');
INSERT INTO municipio VALUES(30129,'Platón Sánchez');
INSERT INTO municipio VALUES(30130,'Playa Vicente');
INSERT INTO municipio VALUES(30131,'Poza Rica de Hidalgo');
INSERT INTO municipio VALUES(30132,'Las Vigas de Ramírez');
INSERT INTO municipio VALUES(30133,'Pueblo Viejo');
INSERT INTO municipio VALUES(30134,'Puente Nacional');
INSERT INTO municipio VALUES(30135,'Rafael Delgado');
INSERT INTO municipio VALUES(30136,'Rafael Lucio');
INSERT INTO municipio VALUES(30137,'Los Reyes');
INSERT INTO municipio VALUES(30138,'Río Blanco');
INSERT INTO municipio VALUES(30139,'Saltabarranca');
INSERT INTO municipio VALUES(30140,'San Andrés Tenejapan');
INSERT INTO municipio VALUES(30141,'San Andrés Tuxtla');
INSERT INTO municipio VALUES(30142,'San Juan Evangelista');
INSERT INTO municipio VALUES(30143,'Santiago Tuxtla');
INSERT INTO municipio VALUES(30144,'Sayula de Alemán');
INSERT INTO municipio VALUES(30145,'Soconusco');
INSERT INTO municipio VALUES(30146,'Sochiapa');
INSERT INTO municipio VALUES(30147,'Soledad Atzompa');
INSERT INTO municipio VALUES(30148,'Soledad de Doblado');
INSERT INTO municipio VALUES(30149,'Soteapan');
INSERT INTO municipio VALUES(30150,'Tamalín');
INSERT INTO municipio VALUES(30151,'Tamiahua');
INSERT INTO municipio VALUES(30152,'Tampico Alto');
INSERT INTO municipio VALUES(30153,'Tancoco');
INSERT INTO municipio VALUES(30154,'Tantima');
INSERT INTO municipio VALUES(30155,'Tantoyuca');
INSERT INTO municipio VALUES(30156,'Tatatila');
INSERT INTO municipio VALUES(30157,'Castillo de Teayo');
INSERT INTO municipio VALUES(30158,'Tecolutla');
INSERT INTO municipio VALUES(30159,'Tehuipango');
INSERT INTO municipio VALUES(30160,'Álamo Temapache');
INSERT INTO municipio VALUES(30161,'Tempoal');
INSERT INTO municipio VALUES(30162,'Tenampa');
INSERT INTO municipio VALUES(30163,'Tenochtitlán');
INSERT INTO municipio VALUES(30164,'Teocelo');
INSERT INTO municipio VALUES(30165,'Tepatlaxco');
INSERT INTO municipio VALUES(30166,'Tepetlán');
INSERT INTO municipio VALUES(30167,'Tepetzintla');
INSERT INTO municipio VALUES(30168,'Tequila');
INSERT INTO municipio VALUES(30169,'José Azueta');
INSERT INTO municipio VALUES(30170,'Texcatepec');
INSERT INTO municipio VALUES(30171,'Texhuacán');
INSERT INTO municipio VALUES(30172,'Texistepec');
INSERT INTO municipio VALUES(30173,'Tezonapa');
INSERT INTO municipio VALUES(30174,'Tierra Blanca');
INSERT INTO municipio VALUES(30175,'Tihuatlán');
INSERT INTO municipio VALUES(30176,'Tlacojalpan');
INSERT INTO municipio VALUES(30177,'Tlacolulan');
INSERT INTO municipio VALUES(30178,'Tlacotalpan');
INSERT INTO municipio VALUES(30179,'Tlacotepec de Mejía');
INSERT INTO municipio VALUES(30180,'Tlachichilco');
INSERT INTO municipio VALUES(30181,'Tlalixcoyan');
INSERT INTO municipio VALUES(30182,'Tlalnelhuayocan');
INSERT INTO municipio VALUES(30183,'Tlapacoyan');
INSERT INTO municipio VALUES(30184,'Tlaquilpa');
INSERT INTO municipio VALUES(30185,'Tlilapan');
INSERT INTO municipio VALUES(30186,'Tomatlán');
INSERT INTO municipio VALUES(30187,'Tonayán');
INSERT INTO municipio VALUES(30188,'Totutla');
INSERT INTO municipio VALUES(30189,'Tuxpan');
INSERT INTO municipio VALUES(30190,'Tuxtilla');
INSERT INTO municipio VALUES(30191,'Ursulo Galván');
INSERT INTO municipio VALUES(30192,'Vega de Alatorre');
INSERT INTO municipio VALUES(30193,'Veracruz');
INSERT INTO municipio VALUES(30194,'Villa Aldama');
INSERT INTO municipio VALUES(30195,'Xoxocotla');
INSERT INTO municipio VALUES(30196,'Yanga');
INSERT INTO municipio VALUES(30197,'Yecuatla');
INSERT INTO municipio VALUES(30198,'Zacualpan');
INSERT INTO municipio VALUES(30199,'Zaragoza');
INSERT INTO municipio VALUES(30200,'Zentla');
INSERT INTO municipio VALUES(30201,'Zongolica');
INSERT INTO municipio VALUES(30202,'Zontecomatlán de López y Fuentes');
INSERT INTO municipio VALUES(30203,'Zozocolco de Hidalgo');
INSERT INTO municipio VALUES(30204,'Agua Dulce');
INSERT INTO municipio VALUES(30205,'El Higo');
INSERT INTO municipio VALUES(30206,'Nanchital de Lázaro Cárdenas del Río');
INSERT INTO municipio VALUES(30207,'Tres Valles');
INSERT INTO municipio VALUES(30208,'Carlos A. Carrillo');
INSERT INTO municipio VALUES(30209,'Tatahuicapan de Juárez');
INSERT INTO municipio VALUES(30210,'Uxpanapa');
INSERT INTO municipio VALUES(30211,'San Rafael');
INSERT INTO municipio VALUES(30212,'Santiago Sochiapan');
INSERT INTO municipio VALUES(31001,'Abalá');
INSERT INTO municipio VALUES(31002,'Acanceh');
INSERT INTO municipio VALUES(31003,'Akil');
INSERT INTO municipio VALUES(31004,'Baca');
INSERT INTO municipio VALUES(31005,'Bokobá');
INSERT INTO municipio VALUES(31006,'Buctzotz');
INSERT INTO municipio VALUES(31007,'Cacalchén');
INSERT INTO municipio VALUES(31008,'Calotmul');
INSERT INTO municipio VALUES(31009,'Cansahcab');
INSERT INTO municipio VALUES(31010,'Cantamayec');
INSERT INTO municipio VALUES(31011,'Celestún');
INSERT INTO municipio VALUES(31012,'Cenotillo');
INSERT INTO municipio VALUES(31013,'Conkal');
INSERT INTO municipio VALUES(31014,'Cuncunul');
INSERT INTO municipio VALUES(31015,'Cuzamá');
INSERT INTO municipio VALUES(31016,'Chacsinkín');
INSERT INTO municipio VALUES(31017,'Chankom');
INSERT INTO municipio VALUES(31018,'Chapab');
INSERT INTO municipio VALUES(31019,'Chemax');
INSERT INTO municipio VALUES(31020,'Chicxulub Pueblo');
INSERT INTO municipio VALUES(31021,'Chichimilá');
INSERT INTO municipio VALUES(31022,'Chikindzonot');
INSERT INTO municipio VALUES(31023,'Chocholá');
INSERT INTO municipio VALUES(31024,'Chumayel');
INSERT INTO municipio VALUES(31025,'Dzán');
INSERT INTO municipio VALUES(31026,'Dzemul');
INSERT INTO municipio VALUES(31027,'Dzidzantún');
INSERT INTO municipio VALUES(31028,'Dzilam de Bravo');
INSERT INTO municipio VALUES(31029,'Dzilam González');
INSERT INTO municipio VALUES(31030,'Dzitás');
INSERT INTO municipio VALUES(31031,'Dzoncauich');
INSERT INTO municipio VALUES(31032,'Espita');
INSERT INTO municipio VALUES(31033,'Halachó');
INSERT INTO municipio VALUES(31034,'Hocabá');
INSERT INTO municipio VALUES(31035,'Hoctún');
INSERT INTO municipio VALUES(31036,'Homún');
INSERT INTO municipio VALUES(31037,'Huhí');
INSERT INTO municipio VALUES(31038,'Hunucmá');
INSERT INTO municipio VALUES(31039,'Ixil');
INSERT INTO municipio VALUES(31040,'Izamal');
INSERT INTO municipio VALUES(31041,'Kanasín');
INSERT INTO municipio VALUES(31042,'Kantunil');
INSERT INTO municipio VALUES(31043,'Kaua');
INSERT INTO municipio VALUES(31044,'Kinchil');
INSERT INTO municipio VALUES(31045,'Kopomá');
INSERT INTO municipio VALUES(31046,'Mama');
INSERT INTO municipio VALUES(31047,'Maní');
INSERT INTO municipio VALUES(31048,'Maxcanú');
INSERT INTO municipio VALUES(31049,'Mayapán');
INSERT INTO municipio VALUES(31050,'Mérida');
INSERT INTO municipio VALUES(31051,'Mocochá');
INSERT INTO municipio VALUES(31052,'Motul');
INSERT INTO municipio VALUES(31053,'Muna');
INSERT INTO municipio VALUES(31054,'Muxupip');
INSERT INTO municipio VALUES(31055,'Opichén');
INSERT INTO municipio VALUES(31056,'Oxkutzcab');
INSERT INTO municipio VALUES(31057,'Panabá');
INSERT INTO municipio VALUES(31058,'Peto');
INSERT INTO municipio VALUES(31059,'Progreso');
INSERT INTO municipio VALUES(31060,'Quintana Roo');
INSERT INTO municipio VALUES(31061,'Río Lagartos');
INSERT INTO municipio VALUES(31062,'Sacalum');
INSERT INTO municipio VALUES(31063,'Samahil');
INSERT INTO municipio VALUES(31064,'Sanahcat');
INSERT INTO municipio VALUES(31065,'San Felipe');
INSERT INTO municipio VALUES(31066,'Santa Elena');
INSERT INTO municipio VALUES(31067,'Seyé');
INSERT INTO municipio VALUES(31068,'Sinanché');
INSERT INTO municipio VALUES(31069,'Sotuta');
INSERT INTO municipio VALUES(31070,'Sucilá');
INSERT INTO municipio VALUES(31071,'Sudzal');
INSERT INTO municipio VALUES(31072,'Suma');
INSERT INTO municipio VALUES(31073,'Tahdziú');
INSERT INTO municipio VALUES(31074,'Tahmek');
INSERT INTO municipio VALUES(31075,'Teabo');
INSERT INTO municipio VALUES(31076,'Tecoh');
INSERT INTO municipio VALUES(31077,'Tekal de Venegas');
INSERT INTO municipio VALUES(31078,'Tekantó');
INSERT INTO municipio VALUES(31079,'Tekax');
INSERT INTO municipio VALUES(31080,'Tekit');
INSERT INTO municipio VALUES(31081,'Tekom');
INSERT INTO municipio VALUES(31082,'Telchac Pueblo');
INSERT INTO municipio VALUES(31083,'Telchac Puerto');
INSERT INTO municipio VALUES(31084,'Temax');
INSERT INTO municipio VALUES(31085,'Temozón');
INSERT INTO municipio VALUES(31086,'Tepakán');
INSERT INTO municipio VALUES(31087,'Tetiz');
INSERT INTO municipio VALUES(31088,'Teya');
INSERT INTO municipio VALUES(31089,'Ticul');
INSERT INTO municipio VALUES(31090,'Timucuy');
INSERT INTO municipio VALUES(31091,'Tinum');
INSERT INTO municipio VALUES(31092,'Tixcacalcupul');
INSERT INTO municipio VALUES(31093,'Tixkokob');
INSERT INTO municipio VALUES(31094,'Tixmehuac');
INSERT INTO municipio VALUES(31095,'Tixpéhual');
INSERT INTO municipio VALUES(31096,'Tizimín');
INSERT INTO municipio VALUES(31097,'Tunkás');
INSERT INTO municipio VALUES(31098,'Tzucacab');
INSERT INTO municipio VALUES(31099,'Uayma');
INSERT INTO municipio VALUES(31100,'Ucú');
INSERT INTO municipio VALUES(31101,'Umán');
INSERT INTO municipio VALUES(31102,'Valladolid');
INSERT INTO municipio VALUES(31103,'Xocchel');
INSERT INTO municipio VALUES(31104,'Yaxcabá');
INSERT INTO municipio VALUES(31105,'Yaxkukul');
INSERT INTO municipio VALUES(31106,'Yobaín');
INSERT INTO municipio VALUES(32001,'Apozol');
INSERT INTO municipio VALUES(32002,'Apulco');
INSERT INTO municipio VALUES(32003,'Atolinga');
INSERT INTO municipio VALUES(32004,'Benito Juárez');
INSERT INTO municipio VALUES(32005,'Calera');
INSERT INTO municipio VALUES(32006,'Cañitas de Felipe Pescador');
INSERT INTO municipio VALUES(32007,'Concepción del Oro');
INSERT INTO municipio VALUES(32008,'Cuauhtémoc');
INSERT INTO municipio VALUES(32009,'Chalchihuites');
INSERT INTO municipio VALUES(32010,'Fresnillo');
INSERT INTO municipio VALUES(32011,'Trinidad García de la Cadena');
INSERT INTO municipio VALUES(32012,'Genaro Codina');
INSERT INTO municipio VALUES(32013,'General Enrique Estrada');
INSERT INTO municipio VALUES(32014,'General Francisco R. Murguía');
INSERT INTO municipio VALUES(32015,'El Plateado de Joaquín Amaro');
INSERT INTO municipio VALUES(32016,'General Pánfilo Natera');
INSERT INTO municipio VALUES(32017,'Guadalupe');
INSERT INTO municipio VALUES(32018,'Huanusco');
INSERT INTO municipio VALUES(32019,'Jalpa');
INSERT INTO municipio VALUES(32020,'Jerez');
INSERT INTO municipio VALUES(32021,'Jiménez del Teul');
INSERT INTO municipio VALUES(32022,'Juan Aldama');
INSERT INTO municipio VALUES(32023,'Juchipila');
INSERT INTO municipio VALUES(32024,'Loreto');
INSERT INTO municipio VALUES(32025,'Luis Moya');
INSERT INTO municipio VALUES(32026,'Mazapil');
INSERT INTO municipio VALUES(32027,'Melchor Ocampo');
INSERT INTO municipio VALUES(32028,'Mezquital del Oro');
INSERT INTO municipio VALUES(32029,'Miguel Auza');
INSERT INTO municipio VALUES(32030,'Momax');
INSERT INTO municipio VALUES(32031,'Monte Escobedo');
INSERT INTO municipio VALUES(32032,'Morelos');
INSERT INTO municipio VALUES(32033,'Moyahua de Estrada');
INSERT INTO municipio VALUES(32034,'Nochistlán de Mejía');
INSERT INTO municipio VALUES(32035,'Noria de Ángeles');
INSERT INTO municipio VALUES(32036,'Ojocaliente');
INSERT INTO municipio VALUES(32037,'Pánuco');
INSERT INTO municipio VALUES(32038,'Pinos');
INSERT INTO municipio VALUES(32039,'Río Grande');
INSERT INTO municipio VALUES(32040,'Sain Alto');
INSERT INTO municipio VALUES(32041,'El Salvador');
INSERT INTO municipio VALUES(32042,'Sombrerete');
INSERT INTO municipio VALUES(32043,'Susticacán');
INSERT INTO municipio VALUES(32044,'Tabasco');
INSERT INTO municipio VALUES(32045,'Tepechitlán');
INSERT INTO municipio VALUES(32046,'Tepetongo');
INSERT INTO municipio VALUES(32047,'Teúl de González Ortega');
INSERT INTO municipio VALUES(32048,'Tlaltenango de Sánchez Román');
INSERT INTO municipio VALUES(32049,'Valparaíso');
INSERT INTO municipio VALUES(32050,'Vetagrande');
INSERT INTO municipio VALUES(32051,'Villa de Cos');
INSERT INTO municipio VALUES(32052,'Villa García');
INSERT INTO municipio VALUES(32053,'Villa González Ortega');
INSERT INTO municipio VALUES(32054,'Villa Hidalgo');
INSERT INTO municipio VALUES(32055,'Villanueva');
INSERT INTO municipio VALUES(32056,'Zacatecas');
INSERT INTO municipio VALUES(32057,'Trancoso');
INSERT INTO municipio VALUES(32058,'Santa María de la Paz');

INSERT INTO institucion VALUES (1,"Universidad Autónoma de Zacatecas","UAZ","http://www.uaz.edu.mx","Carr. a Guadalajara S/N","La Escondida",32056,32,"98061","4929256690"),
(2,"Unidad Profesional Interdisciplinaria de Ingeniería Campus Zacatecas","UPIIZ","http://www.zacatecas.ipn.mx","Circuito del Gato 202","Ciudad Administrativa",32056,32,"98160","4929242419"),
(3,"Instituto Tecnológico Superior Zacatecas Occidente","ITSZO","https://itszo.mx","Av. Tecnologico 2000","Loma La Perla",32042,32,"99102","4339352201"),
(4,"Instituto Tecnológico de Aguascalientes","ITA","http://www.ita.mx","Av. Adolfo López Mateos 1801 Ote","Fracc. Bona Gens",1001,1,"20256","4499105002");
DELETE FROM persona;
INSERT INTO `persona` VALUES ('charly@uaz.edu.mx','Carlos Daniel','Ruvalcaba Serrano','M','Las Lomas 25','Pulgas Verdes',32017,32,'98600','4921234567','1998-02-05',1,'Estudiante'),('dianamtz@yahoo.com.mx','Diana Isabel','Martinez Juarez','F','San Fernando 211','Centro',32035,32,'95450','5113141414','1999-02-28',3,'Estudiante'),('hjesus@hotmail.com','Hector Jesus','Sotelo Carrillo','M','Av Hidalgo 201','Centro',32056,32,'98000','4927654321','1996-06-14',1,'Estudiante'),('jorge12@gmail.com','Jorge Mario','Soto Chavez','M','Elias Amador 24','Centro',32040,32,'95600','4420241424','1999-10-12',3,'Estudiante'),('joyce@hotmail.com','Joyce Selene','Lozano Aguilar','F','Av Las quintas 902','Las Quintas',32017,32,'98600','4929093223','1993-04-02',1,'Estudiante'),('lalo@uaz.edu.mx','Eduardo','Rosales Lopez','M','Calle Libertad 902','Centro',32055,32,'98900','4952231414','1998-07-21',1,'Estudiante'),('lauratapia@outlook.com','Laura','Tapia Chavez','F','Minas 289','Centro',10016,10,'87670','4560535151','1999-03-12',3,'Estudiante'),('ontiveros@itszo.edu.mx','Juan Carlos','Ontiveros Garcia','M','Av. Tecnologico 290','Lomas Verdes',32042,32,'96780','4332231234','1975-05-15',3,'Profesor'),('rsolis@uaz.edu.mx','Roberto','Solis Robles','M','Av. Ramon Lopez Velarde 801','Centro',32056,32,'98000','4929256690','1971-07-21',1,'Profesor');
DELETE FROM datos_estudiante;
INSERT INTO `datos_estudiante` VALUES ('charly@uaz.edu.mx','Ingenieria de Software','2016-08-15','2021-07-02'),('dianamtz@yahoo.com.mx','Licenciado en Informatica','2018-08-15','2023-06-30'),('hjesus@hotmail.com','Licenciado en Matematicas','2015-08-15','2020-06-30'),('jorge12@gmail.com','Ing. en Sistemas Computacionales','2017-08-14','2022-06-30'),('joyce@hotmail.com','Ingenieria de Software','2016-08-15','2021-06-30'),('lalo@uaz.edu.mx','Licenciado en Matematicas','2018-08-11','2023-06-30'),('lauratapia@outlook.com','Ing. en Sistemas Computacionales','2017-08-14','2022-06-30');
DELETE FROM sede;
INSERT INTO `sede` VALUES (1,'UAIE',1,'rsolis@uaz.edu.mx','http://biy.ly/uaieUAZ'),(2,'ITSZO Sistemas',3,'ontiveros@itszo.edu.mx','http://www.itszo.edu.mx/icpc');
DELETE FROM concurso;
INSERT INTO `concurso` VALUES (1,'Gran Premio de Mexico 2020','2020-10-31','2020-10-01','2020-10-28'),(2,'Eliminatoria Regional Mexico 2020','2020-11-14','2020-11-01','2020-11-11');
DELETE FROM sede_concurso;
INSERT INTO `sede_concurso` VALUES (1,1,1),(2,2,1),(3,1,2);
DELETE FROM equipo;
INSERT INTO `equipo` VALUES (1,'#include <uaz>','rsolis@uaz.edu.mx','charly@uaz.edu.mx','lalo@uaz.edu.mx','hjesus@hotmail.com','joyce@hotmail.com',1),(2,'pycoo','ontiveros@itszo.edu.mx','dianamtz@yahoo.com.mx','jorge12@gmail.com','lauratapia@outlook.com','',3);
DELETE FROM equipos_sede_concurso;
INSERT INTO `equipos_sede_concurso` VALUES (1,1,1),(2,2,1),(3,1,3);

